-2754.86961919797,-3204.28972625895,-25650.1138274473
-2629.65522234382,-3388.06411207194,-24844.0308245384
-2495.05553347091,-3478.71448199359,-23957.6187176565
-2334.1649077259,-3596.16098683094,-22992.4396314723
-2149.40108321246,-3749.16410010659,-21962.1989920787
-1942.400545363,-3856.97462782787,-20902.8217123493
-1721.89186357975,-3825.54997668794,-19777.1612152883
-1486.62975278998,-3821.11951489908,-18583.2684779222
-1237.68488564167,-3736.47487815918,-17320.8196452313
-974.574551648677,-3741.92706589701,-15978.5783881699
-704.731845542119,-3744.09857966003,-14621.9627421487
-428.801262541506,-3724.59522317823,-13224.8883250717
-152.333291665517,-3488.81164680394,-11793.6106516108
126.45716848666,-3263.84559119013,-10308.9075832769
409.273769740924,-3118.16914998184,-8855.62707619674
686.174547087593,-2987.08072456715,-7374.43550623557
958.35454540266,-2919.35690692249,-5909.76459184319
1212.66702524126,-2702.92462536848,-4435.96585438171
1456.77788326381,-2356.97590538148,-2948.43847601674
1694.59421647791,-1793.43643147751,-1422.78831560727
1924.01911966098,-1052.39063923477,126.9314108253
2132.00336605809,-633.73702529317,1573.37762477273
2312.01349700979,-513.738083915924,2856.16283845186
2473.58037942426,-369.522853905579,4114.67264294417
2613.81226514789,68.7101639010371,5348.36727010147
2732.8822558575,480.87028706342,6488.73023290244
2830.09334727738,819.351324351233,7658.92910907065
2908.11271214074,944.264251391811,8762.6483781438
2964.97917187444,1240.37275111027,9800.69663919442
3006.71824276455,1548.8033126224,10804.0424117584
3036.41067138894,1898.49500960813,11823.3096588589
3051.31835567761,2256.19012335194,12795.9495362888
3052.57407081788,2636.97555241908,13714.3335972879
3045.51309426292,2933.18682927978,14548.9902236283
3024.72561522189,3358.18425484441,15359.0867549143
2998.59296716294,3651.77035954079,16124.6614993252
2963.37347320987,4055.54521447301,16836.1679380217
2921.93714145912,4278.36904602639,17506.2632871229
2874.51382698497,4551.83156868851,18151.7055341299
2820.9681261744,4759.94898066035,18688.2420401905
2757.03535992607,4807.78467237711,19148.7087542788
2690.45884297471,5061.46247716021,19619.248492924
2637.72052023382,5866.57892956409,20273.8146294394
2564.17313214473,6543.62023934519,20754.649589575
2491.68892333881,6475.48781273023,21096.8659513649
2403.61919180973,6460.58279948419,21447.5063634886
2325.1339527431,6507.8415074278,21710.8050104349
2242.37811250608,6724.16909005104,21945.9804602265
2163.92250169995,6672.7588253457,22157.3416017346
2082.96459037627,6515.19308180869,22239.2152203301
1998.33568847817,6122.52248937992,22194.0428469926
1919.77898720724,6240.0186764213,22199.3680196625
1850.2242281681,6159.64351200577,22256.2147437825
1759.83843521465,5538.387020733,22080.9572078467
1682.0930181404,5289.2195298623,22138.604039632
1618.50949078022,5263.0938540768,22236.0182276285
1552.32875631912,5383.49107040013,22290.6089838649
1488.52135818078,5459.49279351518,22329.7841763323
1430.40535210596,5323.07964466714,22360.5121062871
1373.85348184019,5047.16416972647,22331.3791953804
1315.53077993962,4918.82946247844,22319.1932047198
1262.83429653294,4738.38662712566,22328.2842467384
1197.662337844,4193.33676178404,22160.8478870439
1141.89443835027,3796.58778925692,22096.2519257987
1079.44183150313,3845.83960399041,22113.9864547923
1016.23688907937,3945.7632106854,22103.6103199528
942.715424688385,3840.63750988986,22001.8246407167
864.299279480598,3716.02539268833,21883.7442230377
778.454304219245,3661.56471836773,21730.6209566985
687.252745047024,3661.3257234015,21591.2229271695
602.520410317094,3943.90664281481,21516.3835205653
509.816638773673,3772.38980780309,21352.2834721352
413.225591696539,3446.69116604378,21093.6500985478
343.066980014272,3699.20304577237,21054.0406726916
253.902837724852,3562.259910618,20789.8194251143
136.476730822728,3209.55549722733,20392.1453716338
4.07161722644369,2689.71507532782,19911.1887246509
-133.659929600503,2284.34454638672,19328.6319931003
-280.461045175322,1865.70269919204,18674.1970976278
-425.930019594726,1386.42595099162,17978.9431143217
-562.868353961608,794.94927630709,17183.5185618732
-691.055429709538,394.816817729849,16343.0091377051
-804.159437467248,169.275448913263,15494.9871883541
-908.192141297924,-129.155271402619,14586.7054480311
-1009.26534110019,-449.115261688328,13615.0931260192
-1098.29802079753,-763.426765255747,12536.1690694669
-1171.4767901668,-1034.76330762711,11399.1979369531
-1224.85042304577,-1288.88471814844,10194.4086919316
-1250.44381098587,-1582.93433942,8939.04091278191
-1243.50163465893,-1812.37662046838,7639.65684416171
-1209.9433427954,-2060.3509265185,6239.40442247214
-1151.61256780228,-2369.87775167839,4810.78306124225
-1079.41687779183,-2625.34440432845,3328.71552566529
-1002.56556371018,-2921.71373205965,1738.19916699324
-901.473742375418,-3244.47742350358,22.1559779733216
-771.74325971322,-3512.20713771257,-1701.62395058502
-606.583304001025,-3857.14768364231,-3342.22504373811
-415.658083102914,-4109.38755073423,-4952.21615029689
-202.813276509638,-4332.05699978496,-6578.75807659596
26.4255087856813,-4349.79477113293,-8168.91798330194
266.192303312974,-4460.62189955452,-9695.53659221933
496.335453591733,-4601.12343864857,-11218.4003417228
719.680922050765,-4798.35551871237,-12732.511877172
945.731638325091,-4934.02466494563,-14217.1242360853
1173.43437200542,-5056.26391654378,-15676.6987505234
1406.52745573813,-5213.06856651983,-17023.7682926011
1630.34550068448,-5264.55975199285,-18271.3898255912
1863.75190173189,-5260.17604641345,-19478.3352240812
2086.5605656789,-5055.63899708629,-20584.253875754
2291.67670147056,-4922.70746909856,-21548.3639003329
2467.20454414483,-4762.91712041431,-22373.8285043743
2618.99041376036,-4640.93602348115,-23130.2471949725
2757.59439450519,-4298.76594833054,-23844.7002909531
2876.60589886306,-3879.25052171377,-24469.0985602308
2971.10173051549,-3416.39773287604,-24966.247945778
3048.59861608154,-2938.90750848565,-25394.0152084032
3111.72125845191,-2405.67656995662,-25764.637582455
3163.88310461979,-2104.16047237088,-26093.9765129679
3206.9473305503,-1693.70092943831,-26354.8086126764
3238.69782151273,-1286.8307849505,-26580.7226549495
3258.14472389991,-595.901628543541,-26731.5845695644
3268.29710723364,71.5631368580237,-26771.4929203424
3270.77141150423,771.410731770082,-26671.2204859442
3255.49274506085,1309.59801712732,-26430.6198641684
3238.05266878735,1863.22342373986,-26136.9556140244
3208.77321649708,2483.29924498187,-25737.52806998
3162.91560838416,3165.69025179328,-25315.9301137502
3110.07695422841,3666.24654425273,-24846.6716028164
3040.32601364724,3996.16034933706,-24333.2428162408
2963.37474688187,4270.44701347513,-23877.0706827183
2890.64632560599,4405.46959505189,-23449.4465478745
2822.35659593648,4515.37237278361,-23038.3155562694
2766.44751708237,4997.09990952023,-22603.0787965505
2709.44932276288,5239.82975863802,-22027.5564955852
2654.5714804232,5620.14391612596,-21377.1520679722
2577.56037559333,6184.69631224681,-20675.0053623805
2502.27451799896,6476.05453849302,-19794.8287253222
2394.97030345912,7000.28599402831,-18893.794881244
2273.89873888035,7482.93644146155,-17942.4980230832
2147.67672855623,7554.99639743804,-16934.2076176825
2014.34854323679,7120.58803308355,-15980.2540017621
1885.68862627759,6770.5519229765,-15101.5082952995
1768.14105535258,6290.16379544845,-14335.6002640569
1656.24215091203,6400.16693356794,-13513.1972229857
1536.44446629453,6644.6923757319,-12650.6024675119
1409.67696606381,6918.42453253055,-11657.2474107878
1285.44560897147,6853.92828804808,-10556.8642415793
1131.83384459026,7132.35608906579,-9333.9005204587
976.425426543757,6974.44709256812,-8049.39004571823
819.439197648347,6652.58209509659,-6727.93583042551
656.253927363652,6126.84113598528,-5383.92315977414
500.226247853894,5907.12925067407,-4115.49860635535
336.715482687587,5515.29983864367,-2820.92642444348
163.455883986519,5402.70296209186,-1509.46997049609
-11.8166252054005,5116.26503153183,-176.829283664651
-171.363931197596,4676.50872233407,1241.73592453363
-352.410121973032,4502.91572917422,2579.19337403124
-522.841143397633,4315.18254112419,3943.79293550112
-692.641407524238,3781.87452234647,5365.17837963647
-869.635159301089,3399.92767695048,6805.43476208199
-1036.56574037852,3003.14046890859,8257.41469038259
-1208.26645049726,2471.71370596326,9722.95022823817
-1380.49147750017,1983.90624126151,11234.6715535801
-1541.06044434895,1119.18444965695,12531.104211104
-1695.92292441489,366.659172740594,13782.7874206469
-1837.79014496007,-302.242578733653,14875.2568591329
-1959.72244259292,-873.68302137512,15856.4873294679
-2082.35178413967,-1272.44777559005,16779.1586830539
-2201.45652021291,-1352.99578668074,17642.872122517
-2332.54676613181,-1237.3783088421,18550.7654760235
-2463.75854522901,-465.5179569879,19440.694378002
-2612.64280147439,-163.254186034688,20483.7736313086
-2775.89142529556,-455.533839313286,21577.654557737
-2918.44798959303,-761.910593428019,22575.81701519
-3057.63671554953,-1279.58339536457,23518.1521407872
-3191.93044057763,-1777.17367366234,24330.4075416853
-3314.96470192747,-2290.02351399191,25072.5166536367
-3418.66667803559,-2989.78633715922,25732.3182413005
-3510.10847894193,-3687.13402405582,26360.0516241164
-3603.82384673921,-4177.98388349308,26900.2695431623
-3695.40931562651,-4314.9042010611,27356.9826556707
-3778.09303825378,-4409.39503205585,27804.0322627412
-3879.35787552741,-4140.67474386327,28178.7975347458
-3986.64206118041,-3913.82802607658,28618.3199899477
-4068.91206698902,-3647.10078368563,28971.7098423282
-4167.75096320093,-3782.55550060872,29303.2555934131
-4281.46632075204,-3679.44852339447,29628.849892589
-4361.45939443224,-3969.38121825139,29869.530337038
-4438.37405919396,-4083.64046684316,30013.7308798075
-4498.12062466361,-4264.86249878284,30088.3846343837
-4547.99013257347,-4763.77555560788,30019.9956510188
-4586.72054745893,-5010.3436816785,29826.9742690255
-4622.56315465549,-5114.1413811591,29554.4050239
-4643.03211258893,-4812.278804835,28946.7325710813
-4662.36550826888,-4550.48116549331,28353.2873156538
-4668.47521525302,-4274.56489568465,27664.4828214503
-4663.13425404121,-3922.61406658629,26840.8100243608
-4666.78458707177,-3620.70875053181,26086.8863446891
-4672.86780454716,-3211.16818948659,25208.0229078751
-4645.8793652239,-2531.35925269751,24126.7743689304
-4620.35887255876,-2117.313281389,23097.1856881047
-4579.41243608163,-1492.08123464463,21960.7840398584
-4524.54761241197,-1165.36722694769,20813.1758678266
-4459.43230359158,-1128.86108315226,19687.4462852858
-4413.49554766328,-1694.67153888303,18720.854846794
-4327.62393516638,-1702.40421481252,17519.7269933792
-4211.49497590062,-1741.77454078772,16208.8184479357
-4114.69645882213,-2339.90804020301,14947.149604432
-4007.95310781378,-2630.88968989579,13549.0203483983
-3880.53640135556,-2488.49318283356,11939.7880170951
-3758.26101489761,-2698.1812591714,10464.3643844684
-3626.21191421216,-2660.8161605541,8894.05626257054
-3487.55592528225,-2601.34590393428,7356.49000794248
-3334.75480366008,-3168.55522753102,5970.40054616367
-3172.849490569,-3442.68638824527,4477.69045364661
-3010.21730781015,-3170.72680060852,2896.54638838422
-2822.13710715808,-3648.99744056209,1544.76237753212
-2635.54221937904,-4009.92660091059,162.910295388007
-2435.81282749711,-4208.77071296426,-1149.5794370339
-2249.92304511272,-4597.29668974728,-2481.82389935459
-2045.76784520395,-3804.12391359633,-4120.74661371663
-1845.94196469914,-4490.66301984344,-5453.70831294155
-1653.65639056088,-5496.9579221382,-6592.72889455277
-1451.88993322625,-5836.57946816014,-7839.1215648726
-1252.90091851797,-5449.49157962457,-9222.91238144866
-1060.00124400551,-5426.14659874991,-10437.5522953697
-879.896015666543,-5826.1971366556,-11526.9482415799
-683.4380865595,-5266.60763856792,-12694.1837681811
-494.140745066288,-5202.68205068318,-13636.4367848749
-317.812910757541,-5170.10781095208,-14480.7334549828
-134.877759308549,-4922.79750956121,-15464.3482584173
49.8106757081343,-4921.77155626489,-16422.108498236
237.760486237738,-4681.06630119731,-17455.9644122493
404.660781870782,-4544.68307109149,-18317.2715594696
570.73603752287,-4366.73155661401,-19138.6900328803
739.952436765806,-4470.13740967773,-19885.1750806771
874.361678672388,-3784.24843883411,-20732.3716382802
1016.16489282472,-3144.09147187433,-21586.3528169942
1146.94028252721,-2584.50082539004,-22445.1685762078
1267.27142218739,-2248.72566055376,-23080.3798007049
1375.15078502521,-2846.20437496222,-23242.0592228736
1482.76839760738,-2119.64251492081,-23634.4244615078
1601.30372548572,-1224.03406083693,-24195.5424750494
1700.26202034592,-685.887585129495,-24825.7161443282
1796.05802737132,-261.230075707497,-25544.583755447
1876.14878068068,195.46897230749,-26201.9215590453
1942.17630203363,579.318449839004,-26875.4829445307
1994.02266071616,611.167001536047,-27481.2588978138
2034.37179731639,794.04637755055,-28081.9816816692
2045.61048883267,840.891956178298,-28522.7908459508
2037.6836243962,984.091796884974,-28767.4994629405
2014.45588516748,1050.25029053015,-28679.5477529965
1994.54504407768,1016.74749533388,-28194.94243298
1972.30788396774,1111.47541394137,-27648.2053952138
1951.11897702436,1280.28434660926,-27049.4340997104
1918.40787734561,1025.78400742577,-26249.3054171277
1884.6483960101,828.08235651967,-25534.3416349236
1846.74944505255,601.851240827208,-24801.8931666287
1801.23830778983,442.131806077585,-24117.5511206385
1763.45308908888,439.228093988434,-23395.1168908647
1708.19111114655,407.801515072597,-22926.699527955
1632.22965174177,358.037707881732,-22486.2072504421
1548.85743257573,362.724836783863,-22056.7092873631
1460.50734279463,361.377963170161,-21406.5071589589
1368.31261275356,50.7638710490352,-20457.0370337758
1272.42705070852,-411.452989769565,-19327.3974724785
1168.72223274298,-316.843686061389,-17964.0643541481
1068.2730046763,-250.441388902393,-16396.9906390046
974.625840997123,-394.265902959959,-14693.5142611345
898.098794097571,-615.820508509711,-12826.7412183549
826.88357676771,-518.338200052005,-10808.262963356
752.114861539233,-521.429049516779,-8896.92988763383
671.168079792891,-286.105436075925,-7193.66065218987
588.721133064723,-140.677475780361,-5522.25201237876
502.473574959001,-511.79898625561,-3934.23063313772
412.983013353532,-456.10199365534,-2299.54394657287
321.085754555969,-212.517977805181,-550.375402837561
237.095763128705,-220.910575727101,1155.88859641598
153.324413863205,260.385440064707,3023.89026726973
65.3156490190561,752.084785559454,4876.47037986407
-7.19760574087278,690.626244758648,6755.53210791453
-75.824962299426,597.722665354754,8643.35041645511
-151.228240991582,906.175847016502,10669.5170829346
-213.514508156903,1143.28497401595,12598.3933862683
-279.196869848432,1492.18577288376,14413.6269567486
-334.252903663785,1740.11416726796,15985.6215966137
-377.434214581409,1643.27380422955,17353.5097237038
-422.68881559273,2035.82019139321,18675.757162003
-465.395568755005,2487.50060753707,19791.7492069314
-509.820209142992,3167.44627213683,20829.7841648322
-543.42447019094,3281.67949624336,21708.8740569536
-572.255449068842,3602.79511245073,22499.7935935766
-597.688940810949,3505.92473000142,23105.9444366123
-628.414941715449,2978.77085324299,23491.5991159767
-654.751875039149,2639.43281607551,23983.9777012777
-671.865505191412,2084.93624170008,24423.4861707328
-697.194767088958,2288.76071535856,25085.8701750841
-714.432211949277,3052.28340076774,25888.5379935703
-739.556396714242,3310.86538034151,26517.5822302652
-770.749112237228,3256.52666593639,27122.2350986469
-799.333623206896,2423.43615229529,27363.8736463988
-823.215366949536,2513.77935185508,27912.7909305801
-838.047501052424,1680.74852240728,28231.8346649069
-864.016228752599,1597.08922496138,28710.1471787016
-862.950420836116,1920.01049875731,29204.611167896
-849.656537211919,2258.11987752979,29616.068188424
-854.608730797988,2782.45593588601,30020.0279006173
-851.240721459308,3454.82326985834,30536.4665120903
-853.57124449728,3614.26951098808,30769.5740650419
-848.863979775178,3394.39923798597,30763.806522176
-833.23743779786,3167.08205343402,30570.486057721
-814.161769969053,2232.54897572967,30121.8950594187
-799.48487325733,2149.33452978471,29977.2220011597
-790.112110524208,3100.02899129143,29984.9045336494
-777.193770816976,3648.31109819743,29956.0761823987
-785.62070205919,4022.07318300244,29624.1195591807
-775.927537184323,4167.98286653432,29032.9405920842
-782.529778625772,3916.6299748679,28513.6221509836
-774.470256891696,4055.44321121018,28003.6793317778
-756.986245667133,4083.89857935788,27383.370408927
-758.495593295996,5152.80472756115,27121.5741426436
-755.453588465972,5719.95262912571,26588.0690072997
-760.347560168592,6443.60993255715,26025.182799592
-764.289320531261,6843.44704635914,25395.6021139265
-774.43916516016,6630.21191079661,24639.7182900062
-801.588930330327,6334.01347974184,23737.0234678983
-807.977266193376,5066.47552701676,22554.1687675982
-818.819724819081,4128.24938110644,21582.4716980003
-814.067699869723,3893.00145308056,20917.6830580117
-816.972226052827,4312.08920958351,20549.8158071084
-831.866999062249,4779.80479263274,20248.1510611193
-847.262948880512,6530.25241996214,20169.6227592194
-855.842665876444,7362.40499190251,19763.2409450234
-845.861593190292,7955.54429781346,19346.24505602
-850.857906679177,8748.69941301784,18673.4813503651
-839.889756960711,8433.48489342475,17581.0587001248
-839.17146699681,8184.46540176619,17005.3781871599
-825.03194442253,7859.032547342,15877.0435014204
-819.945834842237,7638.54174141294,15219.2757786914
-825.431668797614,7389.76526104029,14447.5406420781
-795.834045218728,7047.62736107494,13509.3944139519
-777.806763947164,6606.70913418352,12488.2478683917
-746.168910444123,7295.91943319385,11691.4227019254
-734.754665741366,6546.55085499021,10551.9527622669
-715.484923043793,6685.69671816435,9874.43052843814
-685.957726137236,7339.91458941125,9394.45890760036
-644.933973344366,8690.99203319849,9151.34464151578
-628.777029349127,8298.04871383435,7899.22412122816
-606.125302868627,8091.73568012911,6700.89186740426
-599.178176622168,8749.51925707803,5719.27283055863
-605.865839605911,7666.50612379883,4031.32728251099
-586.28100870059,6888.87239479799,2668.80076531927
-580.257974388819,5234.43210846734,1031.31067703405
-670.599311063156,3303.28952637626,-804.290349223436
-752.477035287238,4408.39207624684,-2082.29230180434
-776.615605818967,5419.14345718047,-2611.88430484685
-717.174971284779,4078.69658840158,-4138.62988852235
-578.601484751146,-2612.88159797669,-7815.03950173724
-668.0108987914,-2946.13348499457,-9463.74950280008
-677.814327348135,-1555.9514973631,-10090.9443253619
-700.919574475723,558.821023338378,-10126.7505928794
-712.28768400602,2213.19216877006,-10278.388700618
-729.100690027815,3065.99495750328,-10510.1384370945
-721.860814765792,4583.65806367556,-10607.6985772803
-736.046675084742,4420.27723575912,-11599.9151507775
-789.773242581358,3945.13710500706,-12342.4868789336
-859.143835290005,3105.55451329595,-13263.3562897914
-897.678425906692,2758.46218651363,-13716.1687938724
-916.922261304904,2583.30848154448,-14110.8214242236
-893.652493918993,1689.17976118161,-14761.124722274
-850.219518465421,3381.75769896634,-14644.7399972907
-837.092858888039,3917.82273088877,-14899.2598068475
-835.543022614583,5467.1311864779,-14791.5778835406
-762.811198064884,8115.69185404815,-14081.2560830759
-603.802415986773,5158.22805301599,-14783.8036358417
-543.803396507759,3257.34168401054,-15728.858086337
-571.431668922413,3797.84329301992,-15750.2202678353
-692.483446657336,10616.2451752413,-13092.9120394198
-592.289697497803,10893.7885059931,-12702.7476312275
-554.606822300906,9620.00051579576,-13253.3554006641
-555.363193934942,8700.60693354558,-13806.7011373591
-571.383037075194,8864.38986538565,-13819.2754891723
-574.150907487023,8660.36858002259,-13909.6143731674
-566.919270997809,7568.55450982973,-14288.9121669428
-550.672830069818,6361.85461113888,-14263.421787818
-470.458072608221,5637.96332404491,-14602.3451775751
-386.469903571502,5625.33333434074,-14481.7821490293
-320.524096364978,6208.9628123305,-14407.7941744196
-270.309043772858,6117.67532502388,-14365.4337577097
-235.61427241261,4048.88025424371,-14918.036370667
-201.753905704006,3525.95981626674,-14908.5102070298
-172.117473106851,3296.30626907613,-14749.4061129424
-123.293397607378,2750.24507066415,-14814.9645528115
-81.5241762965438,1017.57844289349,-15156.8289345792
-107.272109804608,1978.47733945146,-14492.7963708666
-82.2186134736246,2980.05308512398,-13730.07378583
-52.8531704888529,3221.90141711358,-13324.5447305148
-9.02730989073389,2857.67120474441,-13098.6440704582
47.3304407353847,2397.39253618731,-13039.1296717296
94.4150313877525,2124.76131568841,-12694.7505713209
161.964716985514,959.208829276524,-12841.0882147486
240.777011310309,-1194.88418752729,-13291.3040581802
317.49619410554,-2890.95764385191,-13615.449432474
389.877066062684,-3466.86425765996,-13557.3377937728
463.713158550628,-2935.09307109236,-13292.9141237759
500.34056663686,-2574.50219881273,-12859.3384582682
525.303322919391,-2670.04313138974,-12689.3311836527
566.628494352632,-2937.47590792716,-12424.1865353806
592.954328780498,-2788.34369188536,-12113.0078690626
620.881543148199,-1420.78517857603,-11357.1604540534
639.445828410347,-2233.65663422661,-11256.3564180192
677.784318805408,-3099.74670476773,-11149.6960145713
717.59707939984,-3657.91179755719,-10880.0755032307
767.00819688537,-3776.78315144629,-10608.3984446327
813.838806519561,-3757.13519364955,-10440.4552424856
848.012289239206,-3494.16162755036,-10096.9037088297
905.023585831515,-3431.7434564089,-9776.17273632959
949.000917869026,-3063.25836808021,-9392.09818145758
997.099149364032,-2891.50262785743,-8959.20492159111
1054.43881257345,-2945.7577378019,-8807.31634494543
1124.02395135648,-2741.42248210489,-8453.24666994681
1193.67812971093,-2630.62232028746,-8151.18467555704
1268.04741539929,-2561.64276090034,-7849.1849659596
1349.17473479077,-2299.57828850381,-7372.11952288736
1421.45091038251,-2151.04274259357,-7017.52426907516
1491.4902226907,-2253.10102910593,-6602.61559497461
1574.71652490036,-2091.67391106309,-6188.15758724648
1668.48298081197,-2140.09597913312,-5840.47918623412
1742.54376764938,-2189.38657337259,-5651.13612565695
1814.45527340418,-2074.81947973759,-5338.75086788495
1903.51405164617,-1818.42806888205,-4952.5774811046
1976.39811533443,-1895.26692225575,-4624.14326130116
2057.51722529681,-1994.19101428459,-4187.05826394207
2145.31051546347,-2134.84552034701,-3816.45403321935
2216.61351846554,-1850.17530396966,-3255.66650067196
2310.52412455137,-1798.27843282111,-2827.90129178425
2369.13843860038,-1575.80304649216,-2461.65050634983
2448.04989313587,-1490.73774415959,-2164.34986282203
2531.02576860396,-1463.01720399981,-1863.25043318954
2607.35547147753,-1204.22542829791,-1356.68321505884
2690.5788919363,-1255.41982078993,-992.366271148801
2767.5140841187,-1030.40939560463,-554.769009354276
2832.42127424408,-887.632504362949,-158.14790955495
2901.78781429083,-772.203063883385,88.0154386028312
2974.9308360937,-691.455992173871,407.939889842804
3045.86999829592,-494.554165894847,685.117806820717
3109.75750906899,-205.83281928815,1042.62821079301
3167.09539776753,279.05647287332,1493.58988465041
3251.31790318608,655.974759930909,1914.15422905091
3315.97764752891,894.792792952246,2308.35371498816
3376.81353821789,1119.9283124353,2752.9305149988
3452.90021539567,1343.2991052934,3289.67474979621
3530.18144955656,1691.67309957005,3525.51743131225
3615.27365809356,1966.13746240288,3797.47074040222
3700.22784205685,1434.40107785231,4054.89070778674
3765.6028307578,890.1526362627,4184.20920895068
3846.56665146814,346.388665363232,4317.45869996273
3913.44996818297,-300.986991309763,4424.46742568454
3954.60070107865,-873.349624049991,4606.7955411548
4006.6383618291,-1242.45315535575,4625.29562281097
4044.39310498554,-1259.6696889435,4676.06004097207
4081.98790629081,-1945.94062395995,4908.46317816503
4128.83765390816,-1513.65792688182,4981.13703005911
4168.82548789745,-850.580978544295,4979.09987362484
4191.76832707568,-1034.82640256446,5140.43224640444
4245.72613995057,-1053.57687660391,5280.73143482588
4298.56693276498,-1817.41146878633,5477.82950395018
4328.14048891074,-3104.07467535532,5728.4377060204
4356.20211120686,-3501.89991861073,5914.38272524307
4377.82642390675,-4108.23168132361,5786.35042801906
4409.26395293782,-3572.27350930777,5639.09542775789
4419.02709591242,-3236.60563537977,5426.02789673804
4409.04952764449,-3154.76081120479,5530.93255718593
4387.20939098145,-3345.40912958191,5581.55404271496
4386.47042240324,-2960.5168145151,5716.87129703022
4377.7626670222,-2572.77530764615,6052.77564056094
4384.2953415562,-1628.03312742164,6066.52274567379
4384.30787842966,-791.37839168952,6034.12888811253
4384.70813254094,-93.9374004935558,5885.85326185684
4362.93011744253,118.693553003145,5842.6603330743
4346.50394605998,-319.812462609339,5747.2092351172
4326.45824284917,-138.849150728602,5733.56034181021
4298.37990082767,-1336.95926965928,5788.74072183193
4253.13576081023,-2508.50293582221,6054.63242797158
4219.42394597687,-2271.55300834913,6057.16605375014
4158.22694516092,-1962.57472848577,6102.73623460167
4115.20149108996,-1351.98329472381,5944.18470123506
4076.80498802866,-418.113175176139,5599.80628126343
4034.06066832126,112.317434221068,5127.7154350263
4004.67092420565,424.010031793007,4971.93902271982
3944.44322410087,-462.36197990404,4797.94739488588
3868.41544867197,-797.538532971706,4711.09665808158
3807.84799443529,-422.049337757622,4566.043410228
3740.42865134888,554.110880652612,4336.22466101198
3655.2828570827,480.898183567274,4141.4657172266
3573.64585267376,731.54304185703,3809.94711688307
3487.30107781736,-377.201203596488,3815.17752062749
3415.70791431107,-2265.55748004999,3776.4253421949
3336.50199019271,-3489.04218859186,3651.01711438681
3240.04665392682,-4179.18418396521,3402.21866154017
3131.95803429432,-4853.08222606202,3268.04631842011
3015.4282713435,-5435.59216161438,3054.28460463028
2908.87987649379,-4732.2873574629,2916.34251154085
2809.26944065821,-3843.04692525547,2739.41433186347
2719.75383400531,-3502.7245701519,2613.85210909426
2642.98815213524,-4719.78605891899,2451.95309673113
2545.86791983316,-3298.67110263668,2002.36084124039
2452.62695602648,-3800.35147203146,1501.15732269399
2348.04254361132,-5792.47113349898,1575.6578642067
2265.27479221485,-6813.15580147746,1547.23324733575
2136.21577675301,-8044.89642462545,1446.48714328482
2020.91414536554,-8354.63359728088,1385.64611568275
1914.67929281861,-8920.3291804242,1369.60048858815
1843.19001742502,-9955.07524202393,1224.82594546343
1780.70542675484,-10325.7157971841,851.841488639061
1693.15556984964,-10511.9713090832,692.379155226287
1589.32254432759,-11813.6286583236,420.85637652124
1423.1702336508,-10593.8988433241,134.807489150396
1268.94353054863,-8778.17108073815,-49.3347989312889
1140.1328333126,-7638.6016000833,-132.284193212996
1016.30431627926,-6368.07701250193,-102.109154529253
898.982360798673,-4611.30753376468,-213.638935510658
811.531063125201,-5161.7041322113,-358.084620908009
743.380663139159,-8419.9311865446,-602.375427878751
658.265496284653,-12865.6006332018,-826.37463616859
489.970735825268,-13176.8562468983,-1112.04152075672
347.807015235852,-15070.6744559178,-1708.21419982413
210.379244199025,-13394.6974770315,-1987.55064724285
50.4898234147588,-9727.03145232373,-2456.52674642662
-145.492877467519,-7846.93053447443,-2807.19239091746
-258.13703033397,-5830.78006980932,-3284.21900671428
-387.618844867336,-3789.79768272745,-3686.21938685282
-498.777571885199,-4674.42781860909,-4110.87255324873
-669.829300566533,-4397.63184178535,-4414.30870932422
-836.303433047251,-4271.35525366567,-4569.09049043286
-987.235847201047,-3694.85023552723,-5316.13108767855
-1127.58466285093,-2405.85577197262,-5938.86317047039
-1229.54999688774,-3043.50277868297,-6334.99072374326
-1334.6788954098,-2788.01108440197,-7132.80376930231
-1416.54784798706,-2218.62031922917,-7597.83317238865
-1503.76918265689,-1357.25352231242,-7892.21657196079
-1572.30109990241,-2226.52583348852,-8245.64919705012
-1701.50848646388,-1767.4969691488,-8393.71252576474
-1872.35116402289,716.23509949737,-8267.34958177373
-2023.7373546075,3916.36713742458,-8559.31063383835
-2114.01135705014,4732.42665291649,-8772.0814152361
-2260.86970250663,6435.75658618707,-8296.26294188194
-2367.09089061757,6887.9951829608,-7873.01286681948
-2467.65628924836,6674.26614368409,-7613.18679773667
-2543.00222260184,7015.7984006055,-7478.61258134592
-2636.62252374685,5209.94693650188,-6885.81515227456
-2700.05312002821,2184.79164865647,-6468.32136717978
-2817.2735374799,3842.86604809667,-6383.68324552308
-2897.30925260924,3062.46827401738,-6313.30816273313
-3026.79683010632,2763.29136930248,-6528.93368817143
-3131.6215089933,3357.57906588688,-6369.15582958718
-3250.34531846114,5119.52926142757,-6250.8889639191
-3346.18196213408,6051.5648001772,-5915.24684324409
-3422.14578789281,5059.70334097325,-5178.11556152371
-3523.47842321356,4165.51943063134,-4700.64729309894
-3590.42665884165,2382.8042689115,-4432.68588954831
-3689.50347316369,3722.00789024397,-4499.35045166319
-3775.89769300845,2451.59500583014,-4181.1051998244
-3830.11024266818,2623.72850100795,-4462.83714443057
-3929.54685242064,3095.97644450056,-4448.39904606861
-4009.03740239082,4974.76571197232,-4419.71540253616
-4054.03765534942,5222.1605692729,-4463.80494545549
-4120.32392969117,4030.3516718046,-4626.06805789592
-4180.07417698966,3190.35670373298,-4444.53078983691
-4224.09186006026,2812.63945064751,-4114.23630486687
-4260.3312872938,2946.94673080009,-3887.36761529609
-4330.31524421952,3005.41506195761,-3637.1568574478
-4373.63731273084,1421.19065543525,-3299.27771640425
-4429.54322642527,1723.9205136094,-3045.49869753432
-4476.72312056881,-152.953167513105,-2581.5414697043
-4500.69113757652,-58.2878106652621,-1949.88237645455
-4524.87666109166,-814.093592772301,-1554.41220541735
-4523.54581039246,-537.99468165909,-1620.27132040563
-4549.51040797717,1186.47480245704,-1707.79757869482
-4560.84222250784,416.21492756517,-1379.03741062818
-4613.39943177334,707.303701255376,-1175.20562326123
-4613.17144685664,-1662.20064720867,-343.0894560523
-4591.41920416356,-2211.89353381505,130.328577881098
-4592.4025368324,-2324.87104885584,597.115289120409
-4587.3096800194,-2001.06248389045,1135.86645378686
-4596.06254769513,-3331.58886015688,1358.5750529946
-4602.01242475228,-5637.96528466615,1811.64297734585
-4620.23577425965,-1888.32178478176,1901.6274417057
-4532.95703961159,-5773.07277379178,3011.41679455216
-4491.80410506173,-9570.02440602226,3277.54888032547
-4429.09711039413,-4912.90111192201,2571.62053903531
-4387.36131369837,-2142.25428700058,2354.57199777448
-4324.84155741641,-3042.07998145784,3039.21960526922
-4197.63449462313,-3671.98886666534,3512.59286563013
-4149.64082439488,124.514133507288,3688.08912324347
-4154.74955631317,-441.570933507678,3808.53742263666
-4153.90413595861,-1648.37702671622,4404.62380022361
-4172.4109169707,-1809.97127479439,4997.08665113488
-4152.89845390529,-4216.56496875463,5572.03462171746
-4152.21297271051,-3931.16437381327,5766.53059111652
-4111.41177424566,-3187.72087016448,5825.75613521627
-4082.33475804573,-1728.9568043565,5456.80223999699
-4081.36231044517,1331.95169273683,4802.92582487599
-4067.24308303929,2323.51879431269,4688.68987152086
-3987.36890386788,2636.89027178527,4900.94531062497
-3911.26291260709,2959.76731358401,5323.67245904276
-3826.30788175162,3255.57490932465,5710.13627776806
-3745.13308758409,-1664.07009067092,6474.27890967349
-3738.31743496866,613.870015136783,5960.81057162727
-3730.5391287722,3088.07761826105,6219.72022367943
-3749.57469534725,-1099.32401772665,7122.32533707778
-3705.37810956299,-2136.59822795587,7323.7155154276
-3696.04868690354,-41.8980689992935,6767.78221726754
-3770.24257142236,10.73395703063,6859.54025904228
-3701.9883455404,-739.752539029775,7045.79139543158
-3602.02037543075,-1389.37202704074,7232.96484955596
-3474.18508188066,522.948068862849,7040.34350609579
-3371.71682781797,1360.73801140388,7050.47414362598
-3292.07885255585,2429.06487136733,6987.10826351108
-3198.96095262001,2110.6967887661,7252.81355771564
-3120.19577124676,1784.43406510338,7570.23940350097
-3034.04318126236,-703.643943348354,8495.75570795311
-2910.64347972234,-2001.89482794871,9025.20411332588
-2912.62513859831,-3107.51270524022,9522.77689495411
-2870.98789279222,-5712.17937418739,9395.59016017704
-2807.16650047127,-4227.41637732771,9735.85506191851
-2682.61025986974,-3498.16877347044,9812.02195087076
-2634.65451825158,-5256.41101079652,10068.4641263643
-2549.0715700521,-3012.26290919717,9537.61965818554
-2441.97168930273,1691.01399833169,8787.61530265386
-2386.92662098686,887.618214315146,8117.67152923396
-2343.47965083235,795.067615072939,8763.59290384902
-2253.09581643526,1009.9066624125,9139.41021851693
-2100.55400683096,2289.60333528157,8774.96353077509
-2037.2190035414,1932.06360540619,8450.77076869817
-1970.63280827618,923.747035169938,8064.64019940052
-1944.10689207061,433.131829862758,7099.44439111374
-1849.07332043693,-1129.69611468606,7184.36527851483
-1721.44700511584,-2106.43949847815,7465.45530611411
-1602.24805660885,-1648.67606911146,7168.08589820428
-1498.88248075718,-2712.86955459104,7257.61471001645
-1418.86833143173,-1612.55971583088,6736.64655490158
-1358.81663191629,-1155.93011018515,6221.45938635938
-1170.86685925858,15.0152278674592,5562.29276817167
-1070.44583928838,3335.06907242786,5141.37608987145
-968.248982872683,2116.18763499173,4615.2115168352
-925.732504311653,1970.07382710697,4302.73264524573
-805.913014727671,5379.5462686447,3707.74775639289
-739.246216386013,4415.62331504431,3723.42295222507
-649.009586942114,691.388794552411,3965.54384788051
-521.126118411788,2645.41539677122,4180.31437571462
-389.046673397952,3071.39036864134,3168.48176758064
-299.414189683888,2825.14539272809,2642.47474062895
-219.814454856557,2439.79416849428,2572.31714860498
-90.4647659387511,1997.13710227013,2805.13232189039
7.68222458948794,3324.87888024186,3060.31936765294
132.890543289708,2385.40221766361,4019.45144143636
204.690869786287,2637.50735799316,3905.9501189188
262.203465140979,3477.79171111535,3563.48373638211
320.000846587524,4384.62896154718,3282.6981392932
404.55759240063,5806.27700143393,2604.07708688125
464.364868822811,5720.79645869967,2571.7862781619
515.815787967181,5437.74208239114,2558.33110345555
574.659542563211,4479.08625201092,2549.79074648378
649.772617090103,3601.7818822014,2744.22723531471
713.150039608533,2302.31971883453,2675.69785337809
757.288632396264,1980.2495113452,2420.24099241629
808.134708643633,-422.396209801981,2695.24906922688
828.290050886888,19.5298170933736,2264.33452038588
894.85181914451,900.692053632068,1299.67450553089
1196.19530066475,-2284.11089287498,1629.25649926227
1469.04336256453,-6507.91311162147,2090.75967337164
1542.3557098917,-10890.3622955751,3240.59157731574
1597.23687344902,-11995.5517282344,3086.46866886754
1648.5147519278,-11810.2761284811,1986.02129566469
1699.83251096258,-12124.5311585781,1090.06764533598
1759.14986080784,-10997.1644103903,209.375144880274
1791.18154223633,-8712.13726623587,-829.672461007933
1825.97456377598,-10097.573917426,-1447.80771179097
1875.32872542798,-11503.1462223643,-2075.00103010301
1914.58225435348,-12321.5771771105,-2592.16466989966
1980.11642479621,-11193.5734167079,-3829.21006643036
2062.01210064891,-10917.0466561783,-4916.32403574576
2125.61478490449,-7660.31579481837,-7188.58255202409
2112.18020231189,-11215.9643703197,-7868.61075934393
2142.45786987923,-11000.6062547356,-8949.94156277809
2181.60008269128,-10609.0860656173,-9459.16996212586
2256.15195769362,-10685.8907849653,-10457.128759701
2352.03037026637,-14513.578859098,-10030.1573180813
2414.49295195902,-17249.9579007192,-9774.62300038653
2150.34868373055,-17655.5408223938,-10603.3795831194
1999.4772286726,-13453.5984148532,-12602.9755345351
1930.49960221638,-9479.8326086885,-14404.3175198632
1935.04234424805,-7260.44728887416,-14524.2829021502
2082.20863613812,-6411.04766032231,-14772.4836036003
2068.47263645797,-7364.8106851941,-14767.5736188596
2061.53597552822,-7751.51470085626,-14875.8242464422
2081.62097874111,-9326.23402254162,-14902.730282286
2080.22587489932,-9112.29803317966,-14927.0767916956
2078.21863029903,-8395.33251962759,-14985.5962218703
2050.61943675163,-7415.40689497255,-15060.9468012045
2028.00773391233,-6547.36339134943,-14970.2220331655
1993.22240920093,-5831.57368542853,-14581.386998539
1976.31065458397,-8503.62235077698,-12833.7713544468
2008.99606245574,-4710.25706209127,-13238.9063597859
2003.95997210553,-4126.66208969617,-12795.0557403002
2011.94803454574,-5087.91734021374,-12211.0446223455
1983.81454095056,-2471.6391144386,-11988.7186630207
1962.18424932542,573.291639150036,-12331.808270787
1918.07625476554,1432.14040226975,-11913.6286091959
1948.07595954622,4732.37183674831,-11639.7838840812
1877.03758290009,4978.38292194576,-10121.7082401478
1921.90250402425,3550.48075824916,-9432.11806732961
1920.10911192897,479.780728546609,-8764.27252884388
1762.74793880966,-2222.00821089698,-7731.21765862925
1755.40656533775,877.466678920073,-7772.7966020964
1739.40843102822,563.442109200612,-6749.97402637561
1712.40272016678,361.505135153905,-5891.88530041659
1703.51589552735,-1115.42257050443,-5180.85713753156
1663.56324178905,-13.0508222171651,-4772.78010586862
1657.29503240653,-968.033906461171,-3979.92832924555
1667.326159704,-2648.25541756331,-3384.29284340986
1652.08522555743,-2722.08341772959,-2839.89060338693
1669.41693623073,-3304.53348798314,-2669.16954993173
1817.74509861998,-11710.3519781892,760.391750722231
1844.47883392172,-8952.27039982694,-154.514036132493
1420.76988856369,-609.806454864267,-2049.70324151753
1393.43758859637,-1970.33098705067,-2115.45933269282
1562.47620522855,-3032.96107683504,434.853451419642
2117.55378426443,-23221.8962688241,7100.900709718
1851.42043033059,-16983.8958390867,2897.3654337281
1546.18015471694,-13188.0382730377,1354.78677616674
1530.98578903397,-10055.6182930812,1099.29798367191
1462.58227081967,-6978.0821986438,360.712456411937
1431.06854403431,-4783.29499076399,696.907267405565
1440.29768865529,-8117.87342244046,1778.24335264408
1396.29387055316,-9238.16206761246,2097.75888731923
1425.80344892435,-14379.4767382505,3366.67776499427
1372.66005905447,-13070.4396961627,2846.4731516417
1383.23634607518,-3503.18506524852,1144.77899982891
1433.01969717303,5236.7242580638,931.742824157021
1520.27268092676,11629.7098916114,2325.64600707973
1405.5756121825,-659.727356329681,4943.78119411905
1220.60951445451,7315.03682322669,3893.60151661695
1019.70579044101,15845.0777786194,1471.84414987703
918.833313045705,13148.6935061626,3082.52022630784
1253.6865631452,5524.45610887095,5097.05501841927
1183.45778908266,6107.33295125871,5715.40678688707
934.736006521084,6671.8388321775,3580.10929213549
290.949159797918,28118.4998549938,-3058.22273302314
494.202749547937,21741.4047595634,1331.73473822819
743.238929215416,16971.4790056248,2809.68889489145
714.443715264278,15147.4109627334,2829.09397264629
704.949283153162,14385.0396068138,2966.48430106123
657.747529689089,13856.5748094828,2767.7765285425
582.34028652483,14908.833765474,2321.07968864201
552.920502037651,16057.2368351765,1675.85370337482
460.448811506597,21452.1333085633,24.4071693222183
422.700288017718,21482.3113528467,419.694023332473
327.768670301982,10841.6613857696,2245.61966086071
164.481047166124,3776.22851147261,2086.24648619023
-51.5621444233655,-1576.98737434837,655.158456058797
-31.3305903261031,11878.6843218492,-2610.48352822448
4.47328162567904,4150.87347075357,-1103.09295239518
-41.454190937795,4262.79468526376,-1295.47854522746
-85.206080704785,4095.20133699589,-1629.45560637778
-113.685279246376,4126.31211597474,-2168.78840005191
-159.826900690147,4228.15799660438,-2450.85955972174
-200.133799508431,4764.03538645696,-2820.29367562598
-230.836573589644,4533.15784967877,-2724.69712461394
-293.787977771136,5379.48329792886,-3228.19369797012
-327.970190013758,5318.63057264966,-3162.6365393819
-374.583071794115,4122.64833997138,-2701.1526475457
-410.923537443368,3021.58753766404,-2092.13911231622
-414.79639730303,3994.68337630316,-2284.21151902999
-448.259402546426,5759.56367927994,-2820.73398593005
-485.676831967388,5682.0314286211,-2404.49726123831
-541.928295878564,4580.9026075694,-1508.47700535301
-591.253471690761,5963.66409861692,-1333.44710689079
-614.799181032216,6836.96835871869,-1159.28945846966
-628.191528083703,5963.38075437003,-614.277770585599
-658.728282030905,5154.18824578147,-169.016244882124
-698.446292872221,2542.96365185787,1186.44921857231
-720.345676066167,1966.0160769103,1484.5060827941
-746.059474329561,964.563455226787,1807.98002754177
-768.063696744992,-1064.31200913167,2561.52701344058
-821.280087983048,-2028.00170677569,3320.31270161046
-848.635942146171,-3108.8248587356,3866.97912166433
-885.379081703359,-3770.1319481433,3679.8027974802
-953.221069946052,-5058.66299995751,3862.74683285374
-967.092662234523,-6186.86506575736,4527.37466337149
-993.623140050582,-5746.62507853892,4750.51435262044
-1032.4502247203,-3247.88734036213,4427.92471435696
-1012.3500074116,-4858.11882128233,4630.85942687061
-988.80283874377,-5700.97940417102,4926.98960943426
-964.476969430896,-8456.17630915983,5562.84671123514
-942.982136402475,-11087.1341566187,5593.40607832415
-976.205950919322,-7518.15348506375,4845.95837710559
-956.158914658619,-5846.63969046809,3691.87315425352
-894.233229391088,-7526.42515302532,3877.88074459819
-853.710072631038,-8253.09359752175,3716.24580554595
-813.961487988085,-7997.61641494641,3349.01196163138
-779.629303213309,-7298.87317573077,2757.9643553676
-739.71287562662,-7334.72003972025,2387.62634612964
-720.888521513473,-7001.1395602894,2230.13243088907
-687.952835097214,-5376.97484689892,1624.10356725382
-640.009280672922,-4060.8878620529,1350.55306207166
-614.125786067145,-3144.71534254904,1146.75019460057
