-34.5007488657285,-153.494365806125,-153037.503280215
-51.5972560023256,-52.2087978147856,-149188.210888855
-30.8867132996053,-72.2633521177314,-144802.85122094
-32.3041169275312,-6.80957609295216,-140328.368415368
-55.3699949941749,144.519265822317,-135581.184407501
-47.1780185967927,57.6873351549897,-130580.246703885
-55.5470081436376,43.7376283171171,-125707.929658355
-59.0234726833473,62.7001344282742,-120631.896594101
-40.2476916745081,-30.1064362269358,-115353.906020701
-59.5409791253282,-86.3215607161386,-109936.785946642
-48.1371284644643,54.7942739264552,-104786.12580272
-61.1811493541968,289.653851315456,-99484.0644596929
-46.5442135134294,138.882701446553,-94141.5327688749
-44.165439452736,129.999255084406,-88451.6870034681
-52.4101376958208,200.602859408421,-82624.0258937263
-47.2530308148275,148.849582655846,-76561.0475225379
-41.576564393756,102.26360693149,-70403.9368927277
-56.5844841284002,44.5993845986864,-64077.0147638849
-59.165363762128,11.9959780907745,-57858.1575614956
-45.61444764255,-70.6107084066877,-51419.3016664028
-32.9911093747929,35.7298857512237,-44870.4917777529
-25.9279545162181,-30.4570520363984,-38265.8860905183
-38.8288207871364,110.39613854395,-31613.7477292241
-34.8275861016136,42.6525423597826,-24909.5451769809
-28.6315427293991,-28.1183099842582,-18022.3487575055
-30.5742032397261,-134.571991756032,-11089.3753523848
-30.3383298057483,-172.503442942516,-4001.12028980367
-37.0622922798534,-178.087715338162,5125.68889647898
-20.5955878677136,-195.106298631792,12072.5227230377
-15.5785112914801,-15.0484517690833,20288.9503854387
-20.1758929348388,-106.489331791737,28533.9228961282
-17.0032325451753,-167.873371208752,38719.2336830663
-16.2029105024198,-101.058897998363,47372.6425146189
-15.148055154733,-231.550901727447,52701.2992001798
-12.0188540037614,-361.099385514476,62045.1711352573
-7.01468366510005,-529.160007330883,68293.0910362688
-3.04473238725099,-708.252507202216,80307.5409664394
7.04829022934581,-692.532305233968,91754.8316505433
11.752371735244,-536.232524736254,108906.329408394
7.10056446815396,-628.940945100506,123567.651156859
22.4321674795031,-526.02236430466,133619.656458442
21.3107244550466,-680.352247035313,141997.797097875
27.9132228849254,-749.096027206882,148600.671277991
23.777614129188,-685.224850011115,152154.425921101
28.9356260109064,-589.434496117998,155282.927548528
31.2658956095941,-469.128654788027,157707.051984452
31.317161290117,-304.504806820991,159360.182703198
31.0671347230891,-127.9990688852,158501.905488463
28.9645944479492,74.1154365706991,160043.025251445
31.2780221104338,52.2321259510416,160039.576419512
40.0446565411378,-125.134232145824,159720.087478309
44.7741180122617,-105.680425559031,156137.999115379
47.7833831020755,-530.396370459897,154331.363820218
45.5290666934685,-152.788592600327,154965.622529303
46.2358802245544,-46.2734392513111,150849.958805625
44.6677607942213,75.5327045360042,149012.808401096
45.9699177372801,138.161942834791,141164.483245482
50.2749101993127,38.549537409971,133172.716590949
39.864033117663,-0.71339213573456,118943.33686938
42.8882396498764,226.342774480866,106837.133401477
28.0515989589867,169.412006601815,99272.9078983511
31.2599617733935,457.92714446628,93123.3679162388
21.5043998844753,692.769898197372,88595.2289873255
25.7628278274347,793.641087426223,86888.5397862156
17.9626308307555,941.857259912288,85146.0453457908
12.1508820670976,1143.4676838698,84370.5311676029
7.22627955928226,1125.45724522383,84091.8344722619
13.9257926268763,952.00642032509,84118.8876792975
-1.94135243597684,670.84944321456,83861.5606668973
-8.92210238064954,744.526481159595,83640.9743678621
-30.91235032478,1062.05088917826,82838.2006732006
-47.5509876640972,1183.17497628972,82931.8915466064
-58.9655735663255,1599.90754572365,82434.9445082371
-56.0998389497896,1329.00462799626,82614.2028630067
-59.8886522495511,1289.14652537015,83348.5606987599
-53.1259962208355,1286.83553874289,84781.6275368043
-50.015188523647,1277.46305897481,86022.9289336053
-49.7493793018782,1332.45057186081,88336.5371476337
-44.7720303527829,1378.69668777652,90948.4909435549
-41.6548904843935,1213.15864677505,93272.7836945121
-37.5417762807823,1214.58069265987,95344.1721697072
-39.4301278840372,1149.61336222043,97475.9742186613
-29.1582254790904,943.617128826465,99557.6354790448
-29.0495142966925,827.618246682606,101364.437140615
-23.9031151568028,650.950290058501,104107.147827902
-19.810043757286,416.702321882045,105612.410823149
-9.84589334153928,287.448971208137,106435.984150153
-12.5174383812442,370.972966930737,107240.02836932
7.77311071611303,416.17778751606,108337.689487645
18.8992969629821,221.069675788155,109978.166450639
36.0580763889549,122.969979660636,112045.966777843
48.8900568284929,-29.7650456764806,115403.188675655
61.7058599324669,-140.630204081124,119045.381551057
62.1244952033458,-88.1521119821655,121855.077766496
68.4085563529622,-317.572986836456,125546.083578086
72.0306475535166,-336.755982646854,129014.872237873
63.9082009203931,-209.421393377749,132600.911922926
63.2156412205839,-8.1327405033589,135156.569555653
69.1294096213923,-114.855000130779,137247.30699415
64.6124254141343,-79.5038054407013,139295.510305379
56.5492826277926,-114.231694429417,141360.139957295
61.0615424493711,-182.179201897336,143864.408582781
57.6405334335335,-128.905680935648,146081.8675974
59.746306566563,-129.539397177141,148544.254983727
73.2663804835325,-221.349700630854,149500.882745406
81.0861636554802,-489.026677719333,151122.353407267
78.5731434165447,-608.140841511486,153592.841098983
79.7869766450603,-767.924250899669,155921.986060251
87.3880716696169,-821.330945670777,157845.240640791
85.5965679452421,-579.737687161573,158949.805040669
85.8286512719917,-509.019466596199,159939.075118595
72.3515998013719,-214.744908742735,159287.408200706
71.259183087003,-75.7136355015869,158421.017328635
76.6824553162846,-291.783375857143,158056.12580912
78.9132091887144,-13.337826428533,157414.553611416
80.444366874877,-130.679841043899,156687.532067051
90.9329589994671,-268.427860830723,155347.79942968
92.9705724741445,-495.169359646355,154352.817909618
86.2411357485522,-288.032395208553,153447.867771799
97.2301245687481,-481.391344490962,152900.028600635
101.268740732352,-508.168890726585,152333.237016375
95.9303686123926,-617.894855925379,151133.346644529
99.4717197020944,-610.061521549306,149881.722922497
103.021838545911,-692.679511551638,148331.75374972
94.9993934490646,-494.140378494258,147275.06540417
87.8226710322784,-82.8151718977931,145882.473869615
88.9498339275362,209.083308710109,144263.482685295
88.8162763083203,441.290447459593,142393.505491944
82.6586386732862,598.939799704751,140196.958604639
85.6720980002817,135.496515142117,138298.219794654
87.2874877945342,-45.4017599552867,136529.824689484
102.853019480331,-400.414589158621,135397.369578107
98.1918622197613,-339.202012721132,134415.112475383
94.8518002339302,-163.613910141103,133104.591349767
93.2565071438208,30.9717903798942,130989.412686879
86.0162453087479,32.4186738422363,128838.175371369
78.2128811573357,267.443348641967,126988.777522695
75.1920386107254,414.190450241578,124816.473380477
74.8630776480733,-71.7416878094867,123499.518659536
53.6676701956131,-72.7299862508372,122469.510655747
49.9152309076839,-357.426759066534,121112.286235559
61.2747884459404,-390.485483547424,119585.353768357
80.1473608742065,-611.264792041714,117738.172316516
82.0965362914023,-619.417010996405,115548.327445595
86.1403315808332,-649.11255421779,113106.920815282
109.95526431456,-399.443495690227,110981.286331677
115.411988017483,-907.844967511736,108709.071281568
125.413080563395,-1260.04184355222,106256.021554475
128.690693713155,-1523.91214758738,104057.78844133
121.022593308507,-1237.06441532394,101785.621636669
116.03573072923,-1250.07473128663,99509.6452924193
114.741405898934,-1042.8575508525,96959.8027716165
116.875522049221,-1012.27448680413,93883.8128654125
119.972450389205,-1202.13213143341,91284.2405878557
115.740583222716,-1826.58897304886,88709.4447134038
121.119226734018,-1597.07097152072,86302.5034258978
120.398174521952,-1923.80852036855,83913.096503226
115.620011610242,-2117.56553302761,81533.6955656357
111.289004935692,-2011.16628641261,78187.7227706914
139.002482283964,-1925.11301514753,74162.5541282285
165.501120015818,-1572.07080144252,69891.2757009802
170.346868896999,-1098.38154764556,65754.2558444876
141.766333377514,-492.545941813584,62251.2792941095
137.911290108594,-537.796181049586,58979.4118834658
138.195282979703,-333.170462608996,55980.0427481569
128.614339811034,-854.721666002451,52936.8891601288
115.880981466849,-528.723315398436,49726.2552178406
81.7742075071811,-44.6210986149034,46728.0799756593
78.5095192805113,623.649943313745,43398.4387539215
82.0403292277945,849.606862378671,39509.1829281969
91.225576608333,943.488003717457,36177.2385383767
85.769891109813,496.389289053723,31985.057097872
74.3928843120625,688.170486502789,28240.6488547092
68.0749833923675,766.198372003655,24841.7484534436
74.4095720720481,1123.57436100026,21049.2306337601
79.0522821821596,720.186242806515,16675.3712259887
85.324352687619,1082.82944725516,12471.0696149666
87.1470965543495,1652.94284373522,8462.2322358356
91.5968008430525,2291.73276803496,4334.67106549578
92.9943208476867,2477.53722755767,761.745643965309
79.9679869606726,2632.33412625157,-2529.47669815862
71.0534395882793,2473.6692586271,-5919.16967484266
73.9620311222059,1855.96693183895,-9329.83168111481
65.8850918092839,1504.90970195847,-12857.4598065825
61.1104188232098,1250.05987704241,-16724.9585879507
52.5184564994555,1502.86214110842,-20274.682044588
57.0925299817,1595.46069684079,-23855.9288659412
78.4747410498133,1558.58557499294,-27735.2248848323
74.1111254680878,1023.73143789782,-31223.6038956478
74.4440435364183,714.776268884412,-34562.3861394091
62.3534319260292,499.481728791086,-38986.2128639936
70.0971104166478,408.496552641516,-42001.2998177042
72.1616026716377,156.598416169753,-45192.9245134449
67.0853411491278,481.50559581907,-49043.9963650112
64.0229072377294,601.876003899152,-52390.6562544009
64.4799950948568,717.161981035635,-55749.7949932207
70.869278068713,448.81632352135,-59378.2916233795
73.8792238474788,3.44277971224209,-62992.7071596225
73.2820141181998,-116.787968319539,-66284.1651757411
62.6842390321101,-98.2614565042295,-69666.0104708929
57.2213719074101,-404.749994521123,-72979.6700534262
58.5265116252767,-548.171501545021,-76204.7316751033
65.0540584097867,-314.838005504226,-79430.5869902995
63.8847681591637,174.033577909331,-82739.5155003257
66.2033539342202,-19.9924577013122,-85471.77175047
67.5592964430896,-174.049181145998,-88750.9648001985
62.3041045755154,-47.3931005809902,-91634.8651815352
56.8515070616449,-122.703114962968,-94505.073374409
42.3581702274444,157.353232239903,-97720.5580358353
40.9469580687841,233.246579465299,-100605.078120501
42.4037104602066,379.134259065681,-102922.93902182
29.2431146198892,1058.40775378827,-106051.634075579
32.3685779163825,865.121009584908,-109192.341861459
24.1444786485701,498.038760043947,-112192.176322254
2.17653007577575,430.545457570443,-115179.660831076
-7.92116711667321,418.041194180771,-117508.335015355
-12.6969222064307,259.145439010196,-119929.127647516
8.96521491721546,61.598917877108,-122103.464011116
27.7092289929807,-474.127578451408,-124071.484774144
29.5676672571924,-526.456122840606,-126207.063824569
19.4575389508338,-272.977547633973,-128182.523659749
9.78954558601733,-367.056011771659,-130185.004236943
0.925377308707326,-332.297212750995,-132446.078903585
-1.54104215234906,-399.29985113316,-134231.342630625
-18.4609031450773,-32.1005999977026,-136457.562171054
-38.4682249280006,-82.1515930277876,-138281.992435557
-43.5800420484319,-284.847416731666,-140155.308023005
-43.5159295893062,-393.592066521788,-141742.467887533
-31.1375596025869,-880.185549857786,-143220.197492135
-42.5284016914856,-828.153815556742,-144560.931313494
-39.5974739477506,-930.993597540219,-145897.388279549
-57.9834202963737,-919.367436434998,-147158.085919058
-58.4875441077101,-862.109664146655,-148272.547049696
-49.0186091822073,-733.309656934071,-149344.472468131
-38.4212251598523,-844.725901395025,-150485.961658215
-42.8161221338226,-818.746489674179,-151872.760213482
-44.9876687610631,-969.0770328619,-152996.567087467
-60.8284172315272,-931.303977555065,-153891.970638499
-72.8291454339828,-748.519114554545,-154746.150209516
-80.6000051021917,-654.679643061701,-155859.457808321
-77.1594406191927,-734.604055094914,-156894.258305744
-69.3700240442849,-731.02934309116,-157808.750404405
-53.1700291565793,-1020.72605656745,-158690.977165779
-30.9746049669715,-1617.61187299321,-159110.963097675
-17.8670344509534,-2009.90035420958,-159591.534392634
-10.8865478034299,-1812.19958153574,-160064.985461323
-15.1548236058166,-1513.31638770634,-160612.891282365
-10.6366109461325,-1657.83017826689,-160977.348792981
-15.9204086397654,-1331.49145596438,-161261.932079092
-10.1917942278801,-1339.35852740007,-161705.388287047
-14.801284610568,-1202.97446393029,-162093.525534012
10.7776464034946,-1669.66008760649,-161945.610263189
16.2335140566916,-1858.91629161684,-161923.799168673
9.36536653025123,-1874.34069127444,-161712.000935606
8.95981904133431,-1912.49219372768,-161470.90907558
5.94157453370921,-1781.73566604528,-161077.157675403
-5.72007192699588,-1397.10263521486,-160423.295618882
-22.2891456672847,-1255.05870182596,-160281.916285165
-43.5426143197277,-1148.43809975979,-159992.686472199
-55.0196407424333,-1228.79232262485,-159387.402699366
-62.1207948828186,-1251.32731111442,-158801.012739202
-80.4741855393392,-1113.27193630431,-158126.878704876
-102.378648040234,-885.799540008226,-157246.503591379
-128.28187747673,-264.143326570942,-156719.038737449
-151.409131482341,223.194207243904,-155804.645676386
-161.838496707061,213.229691995962,-154962.754263173
-160.58828995472,285.342897849546,-154039.74143557
-174.014847514369,526.341921028156,-153011.581272074
-161.409753064992,-68.6829447704149,-151711.851614198
-158.458720843634,-235.751662662266,-150306.726155599
-171.03846728229,15.4901223092849,-148779.241660743
-182.347533938121,325.836047035233,-147482.524289998
-203.72871292905,673.392673240043,-146003.261174548
-188.71112152322,290.206690382247,-144226.083420116
-190.338841523451,235.451635154388,-142541.410822013
-198.034363120106,284.191069281576,-140875.792822381
-203.514545306822,241.879439258636,-139034.583753661
-203.294808414148,126.287990286934,-137082.086110914
-206.34617885211,227.472975715087,-135188.526925402
-212.968134128758,266.621438222752,-133084.607021867
-219.012179210906,-38.4349526813479,-130993.992131793
-215.989382647514,-234.093301977689,-128736.348848259
-201.699808440818,-672.070509898073,-126365.293874429
-202.087937583837,-833.525873377633,-123865.057219696
-194.620312901182,-1437.40949504819,-121541.071148958
-190.005656520037,-1489.36861098768,-118899.469145946
-208.209232730735,-1238.49106786536,-116009.047347082
-215.378079945107,-1192.99821876488,-113195.4677236
-231.389710565162,-562.639101215139,-110321.431102233
-240.647757874773,-620.624876106533,-107476.682001898
-242.91141448071,-852.321477678103,-104601.761212304
-250.074553806232,-677.641455091988,-101646.955955213
-247.596556763083,-502.918229446124,-98627.9723805588
-269.898248012635,-363.163375130737,-95870.037495591
-279.376308105808,-301.521702056597,-93104.703290008
-276.550730691878,-576.081914472841,-90109.4734687269
-289.571911911281,-786.824762124716,-87147.6300490818
-316.951467261201,-515.487888814159,-83871.3596676336
-321.177061282024,-731.257003978119,-80489.3696577219
-327.877322572432,-897.910118100257,-77248.0650905487
-336.737186848883,-739.099739943865,-73743.1236678445
-353.539416771816,-750.96039721831,-70333.9791033971
-381.936358843872,-224.972174142728,-67045.2442716547
-399.089726712085,383.779746453413,-63841.8366668179
-410.097940364275,651.435778408601,-60360.9958992234
-414.277710176282,612.136014800419,-56900.7851489922
-401.877289202661,-61.7439043003413,-53907.2237017639
-405.102203807607,-241.437975286981,-50568.416232829
-417.646832016944,-384.660501162585,-47477.9081828176
-416.81970549843,-266.14178727016,-44357.5864916323
-409.713199895042,-326.561482487628,-41238.6177276252
-403.105724338791,-571.042751871956,-37797.2464712122
-405.424159260244,-847.765954347406,-34454.1393649608
-400.737783149185,-837.399947562205,-31163.7875259362
-393.557931018425,-941.32203419552,-27562.7177854566
-395.675279915118,-659.372485400093,-24310.3625945957
-386.243167619613,-492.135756401031,-21169.5010437393
-367.525181097052,-410.509989714887,-18428.4747923977
-361.39964027614,-336.108694960437,-15127.2961581949
-328.139149505775,-86.9329840763273,-12196.7241444674
-314.79960922059,66.4366554187102,-8991.78028905202
-299.58884716771,394.245380387397,-5912.29887394106
-283.437912732375,484.583943453743,-2558.94801741676
-273.540904125956,200.424290659656,773.516469170577
-259.225089435039,398.811985068592,4123.30223206784
-257.477960906772,452.363590155422,7447.79890014306
-246.800355977818,525.676324169959,11156.2354156382
-227.504370637442,377.042272086139,14641.7300681015
-206.999793026271,430.575167300353,18197.6164623405
-200.359104410899,301.889072104258,21775.2479880525
-200.273752161524,649.366415865005,25453.5690197771
-189.020385057457,715.73410661426,28849.3409343903
-166.681092882386,450.380663691166,32402.4812516873
-164.95876831999,1169.65535872113,35844.9268380845
-165.158913281375,1659.96205023549,39103.4175041446
-155.995442405487,1252.16554862999,42292.4524977167
-140.654366764954,1141.15771842229,45993.5315183456
-127.757309840785,442.803395993987,49540.073923839
-99.2485839999408,253.128054921511,52283.5833309487
-105.182514010845,-227.766402515534,55738.0678408893
-98.6695157855321,-246.999616946628,58695.9450538809
-97.5035018695226,-539.731506316265,61869.2931356577
-93.8266867481986,-891.230523397835,64960.9771772642
-74.2170336203761,-1182.08586158634,68228.2036269716
-75.7047805329823,-1257.08891734544,71177.2049413173
-59.2758457879869,-1606.75156787113,73901.8226820408
-51.8290837743976,-1609.17223015382,76446.4350754109
-50.8307904793486,-1555.11695573932,79086.668734705
-53.6634598405916,-1558.05401256531,81434.4257979012
-50.6754403864811,-1442.43998271923,84101.9014200964
-36.609146629735,-1600.18868583226,86507.3218427223
-37.8793768086233,-1979.75807609576,88823.246863229
-49.1352332434182,-1584.90472109449,90785.1792870016
-33.3954440139673,-1979.87161801592,92465.7571767503
-20.439491840441,-2437.82221076681,94397.7895734761
-19.8410099053421,-2038.18126969967,97159.5017970559
-28.9348638291976,-2049.37486554961,99485.6639151355
-19.1823136607557,-1603.21006844031,101814.774719444
-37.552807514649,-1288.18173867879,103890.937771701
-32.9208708346725,-909.281363998381,105888.086278828
-21.5722443944319,-904.030112375824,107817.478125593
-22.8508271783011,52.5343108202402,109123.590137268
-16.8779496481517,454.779690169939,110491.044082608
-24.8351530078493,692.075420177853,112519.056319542
-6.8236494240436,687.99505474104,114302.941060505
-10.6076648298705,871.0259050605,116298.221154947
-17.0112372030932,945.867853502361,117984.293447089
-1.85660096785277,1469.7549021324,119424.33146372
20.2779766932816,1800.31440548978,121212.684722656
14.3183083932471,1656.14498069756,122452.903142074
20.0502742645759,1980.57548725505,123813.335707115
33.9337963205592,2808.85617103115,125349.79630052
43.1570629044667,2675.09160826629,126607.380678853
60.3456314086811,2397.4835695347,128252.040034352
72.6340682666939,2797.61505502849,130005.150682401
78.1031308617732,3208.21364136466,130908.248119389
92.8132544769964,3398.13314095481,131627.994588745
90.1285434951711,3534.83059654855,132515.570456831
109.180516741099,2906.52173554948,133492.814035896
114.217752535618,2164.57376936369,134309.009800608
113.799844391113,1779.69825226493,135445.883311118
133.571379389861,402.72335652978,136963.048190161
133.86115581358,-50.8011172005302,137854.079549667
144.11143557081,-158.584363621454,137633.344239485
143.302911310165,-576.467040595278,138044.450264837
162.312040626111,-1216.33191514851,138068.427015224
176.702404732679,-1522.2012418438,138626.279880923
165.035683334457,-2447.73164212917,138783.514245216
144.440606157159,-2973.7877676694,139095.048570108
153.894041011484,-2929.10493293653,139488.702347774
151.958130613299,-2826.40130650392,139391.745774537
147.988343759588,-3289.23762491066,139418.786944014
154.861748539894,-2902.78442027704,139498.682519267
131.494896090877,-2780.79671223392,139823.462126884
125.622138903688,-3029.80956540504,139517.351167159
125.590903200769,-3539.44494295192,139487.350762773
127.198198763145,-3717.11889914647,139505.082710961
132.265856241451,-3665.57682829926,139344.761687997
123.148461344983,-3087.73328084991,139412.841050119
122.208240253841,-2651.49365522565,139329.71281119
117.821778924122,-2666.7216504171,139012.524716438
107.506901672004,-2099.04214491727,138471.00379958
122.358028838356,-1990.18071345612,138308.156158617
126.320186374833,-2290.80292244809,138288.721083373
136.029754283015,-2025.58575034208,137685.097781665
123.289886819425,-1021.3558699454,137223.473557417
127.430082954323,-785.902782144581,136457.989436862
135.267049278997,-268.834736176493,136074.710551216
152.678792074613,-385.782470576059,135340.992617701
168.771521873757,-537.473563926807,134490.021440657
188.461271164453,-769.481899430483,133705.369711861
197.646189676765,-767.937816976325,132687.764992571
213.750461331926,-1435.95846834606,131794.761763976
221.606038032363,-1571.75003334889,130535.285103224
213.784662250866,-1649.90271458702,129207.371212745
213.879674205466,-1745.48575701048,127856.494893004
229.878056155791,-2038.91480015186,126463.561882943
233.029616453248,-2417.35582461262,125072.725129707
235.024228543654,-2530.53636505951,123345.220079329
223.134336826508,-2571.34622669226,121438.194839604
245.318107319923,-2298.70219557972,119499.44592726
256.27409007689,-2210.25315478627,117578.962790999
249.593936528199,-1984.41669135044,115520.958832821
258.557052587384,-1708.27584867604,113506.818908189
267.648606569735,-1754.08185448654,111366.003785805
274.349925933934,-1758.57535815547,108957.547785358
261.310335681642,-1288.41957298242,106129.444109604
271.146326863727,-1044.15915881378,103374.767943701
283.414831668946,-606.834526808736,100792.463839143
294.802336486327,-289.777794517631,98301.7250031033
288.459097453882,-467.462378049323,95922.6637692996
301.468097495087,-444.018039809959,93244.29380018
271.973952405855,465.431939022771,90438.97220944
289.419740550757,1072.75741001815,87746.8986941576
325.887472596543,1137.04602644966,85188.2988511534
346.889213293782,1473.54616849898,82209.9109104973
343.928477711079,2216.65717962644,79226.9624416752
361.083153916284,3031.78030254569,75821.6782858946
365.132963960962,3527.33758662193,72466.4038317901
364.505798410914,4015.52809037099,69340.1554663212
366.913433214024,3962.20150076686,66245.4652308087
388.355118857158,3868.50135760619,63096.9487629098
405.048907710515,3505.61098546193,59708.9138249019
409.526660734455,3508.92374833024,56227.0402546158
411.52291679321,3547.60039384418,53119.7123933025
404.090020640876,2925.52879641944,50134.0181667033
429.402173982724,2369.20752693559,47457.2162291234
433.243861576027,2346.04663955132,44566.3561844426
446.244851961835,1964.43294728351,41358.4673761277
441.037645194493,1326.36654538285,37872.3573646331
448.914248923831,1545.45366195452,34219.6611216058
424.594915001018,1633.63809751621,30660.5029996161
436.424554424391,848.050867390964,27491.5710715402
435.843451232191,299.966804002277,24134.6930107463
417.000973201859,514.785609733596,20293.7202170433
405.80442721375,660.303233643783,16797.8240422909
416.840710900461,343.592909092227,13198.7568175306
398.786555283519,-327.664573330814,10054.9978486122
392.560786484776,-1243.91371537753,6967.15110765209
399.715544669449,-1646.34947576241,3375.12865563834
390.329265879085,-1877.19189913957,-106.746978686104
375.163955975377,-1825.83933310683,-3875.72530767685
367.526751674167,-1859.12276080446,-7397.03685347301
362.873873537365,-1797.13736271557,-11019.9659786851
347.703596590627,-2349.64766913723,-14842.4639329072
367.630661193291,-2908.58073122841,-18483.3096516565
362.702992804944,-3364.98583475151,-22216.0304948658
347.372938766543,-3888.92196790679,-26078.8930179197
327.274299179307,-3525.8062006101,-29942.3122511823
320.250236541725,-3016.09816796327,-33344.3394880195
310.897632849288,-2926.73070736993,-36764.0701924998
324.139244724178,-2913.8754183829,-40244.3460768118
335.918820291423,-2434.74005150479,-43952.8593405115
330.986841875341,-2582.56710430672,-47741.9212904797
330.540196885876,-3171.11556307231,-51155.617720988
324.163874834899,-3929.60101770459,-54724.8808651771
297.677969003282,-4087.304609611,-58214.9425096056
312.332184956065,-4270.39615720756,-61502.0863333652
319.747294656095,-3674.47270409523,-65097.7302227873
328.546873607305,-3624.61585386949,-68392.4537051083
333.86518605492,-3322.56828656101,-71896.8206448543
326.646609039517,-3524.64125380251,-74825.7957010682
319.311661678614,-3896.08866850671,-78148.6677591383
303.565176132984,-4312.08168741489,-81434.8701414617
300.346459291266,-3988.88984705714,-84425.2578005941
296.069367555491,-3625.43089494642,-87590.0613273288
289.281353956652,-3176.8225085787,-90833.4545297434
295.276502558483,-2631.4510485689,-93767.8427988474
295.761917579121,-3335.93520638193,-96740.2512157258
297.66762306134,-3300.66439918108,-99965.1402695472
287.751715016151,-3631.15767023933,-102943.613524165
269.99136278352,-3278.17834807675,-106016.201030873
256.393436635659,-3986.47516537707,-108771.509305076
230.684826482936,-3797.34188106718,-111628.737440461
218.455222513947,-3280.14374187455,-114217.022210507
210.730150802732,-3138.04125689488,-116751.374074893
218.718829561223,-3157.41936026468,-119520.641535945
200.786095982672,-3387.59609553087,-122479.734175649
199.193674822436,-3918.63516672695,-124827.299426713
182.231183682761,-3622.5801256477,-127497.270437738
173.925125341349,-2982.69222309223,-130057.121611558
163.575076233311,-2656.02335444624,-132938.579464265
161.964159621459,-2642.51505464498,-135250.869331746
155.426224900254,-2169.07562354378,-137603.841723927
146.7651776849,-2210.06020594046,-139812.139645329
130.29204328846,-2474.74754925753,-142280.233427365
121.520557459145,-2692.94095867511,-144323.864088006
119.799642359102,-3236.03332171702,-146569.12714087
104.01163884543,-2629.1546036206,-148700.52712208
64.3968233141095,-2124.18379808309,-150736.198282298
51.7418594211829,-2250.18347592501,-152616.779052892
54.0150359536976,-2961.16715827698,-154209.953738208
51.4542928226859,-2888.21368543109,-155970.407878163
73.8228419907982,-4415.73413352584,-157309.048982914
69.8607849521722,-5030.58299692947,-158733.667208561
57.0949510485184,-4905.88615844244,-160151.908448891
44.3930860371136,-5417.2796615949,-161470.303188434
41.7790770518203,-5384.96719665235,-162494.185074278
27.5361269294943,-5604.46065801539,-163489.491113346
22.0284447089595,-5987.15186367801,-163918.328803504
17.7694962897694,-6587.79740010005,-164486.694011145
14.0252795792324,-6203.72162352042,-165036.948664828
-10.2571176389534,-4551.87726740606,-165724.034764591
-11.027183264653,-4851.39024346681,-165924.595618475
-16.2824795667111,-4954.22661863781,-166437.009890695
-33.7505032610578,-4301.01558952883,-166470.833663956
-37.2970122321036,-4064.43445985512,-166454.771759742
-49.516680466423,-3999.59263327587,-166347.79721286
-64.3935135307918,-3819.37720799796,-166234.071845112
-51.8600839083207,-4278.49602660293,-166110.891414402
-67.1637270002954,-4375.29865708861,-165774.504262708
-74.7372161268027,-4380.98420569504,-165562.125970831
-82.0560762632566,-4197.77848590608,-165375.266948962
-101.202424896996,-2702.89732744953,-165272.717645576
-121.274762757351,-1899.30684618242,-165002.180372767
-128.788240138054,-1215.77419075647,-164546.568109378
-154.364587050226,-397.28855350588,-163852.051283315
-168.415430986077,849.20501873304,-163499.850358332
-174.925853555697,1622.00015736068,-163096.253551818
-173.941350619747,1493.06273729744,-162458.637368192
-196.966670779818,1280.89348584781,-161703.457144302
-210.785175363361,539.718137843026,-160634.618750345
-210.821809494206,-561.925844680378,-159473.711197544
-222.059154184543,-530.754821860437,-158580.908708337
-218.415875369115,-211.724545691046,-157489.084642971
-216.453753065241,-72.6339745219741,-156375.081487778
-229.549045020625,-663.04581368535,-155441.769699522
-245.990611532582,-659.252351672586,-154310.613893165
-250.741025052906,-1073.85445961398,-152928.090455479
-254.713286018629,-1144.36617256447,-151518.321463523
-252.403747767527,-968.971470872829,-149921.03026083
-279.708315465209,-612.733561019474,-148328.938255766
-281.169557159329,-1325.466797566,-146840.805855172
-288.044052984834,-1144.66152299134,-145179.255137368
-280.430649351992,-1806.19858083498,-143361.207448528
-268.069049426871,-2735.09782233655,-141797.606811111
-251.518337075957,-3760.20149314136,-140100.766680986
-253.842944295798,-4851.76891713191,-138275.809985114
-257.228054173856,-5153.70064164101,-136163.326412382
-269.71468135781,-4484.40325905201,-134288.983482324
-276.211771512057,-4498.99204302004,-132635.983158797
-269.496614890662,-4586.95794328604,-130627.772765384
-279.803971690746,-4159.53348742575,-128698.528000473
-280.819765253335,-4069.89099098615,-126510.145538081
-287.555317519405,-4186.09091479233,-124345.33110619
-291.266743654944,-3730.95908508495,-122170.585940908
-290.000140206623,-2789.54524024023,-119965.633059199
-293.511662500615,-1882.3322891582,-117743.974025346
-297.535311143803,-2020.06132577596,-115501.403753022
-297.177865116925,-2017.4871297946,-113214.284301378
-313.064771639182,-1683.16158427743,-111145.579482958
-294.074680390697,-1963.1847678221,-108746.422831724
-303.936954288246,-817.073931057819,-106099.426667461
-309.83185043905,-1114.51030904739,-103563.682576245
-316.929016084347,-957.204482351579,-101049.122657742
-327.027487865451,-515.025872178569,-98224.4509985676
-336.092508117181,204.713095590358,-95348.4097897015
-337.125368744708,381.328090689686,-92353.8330508683
-331.854157690334,325.661748472125,-89496.2113125314
-335.431564923001,108.556114035175,-87027.5107657579
-330.234735920374,838.263506798313,-84095.2734194033
-329.538246223436,1744.51892594183,-81623.6359438259
-324.448759276792,1505.18586681632,-78794.5671285419
-322.542791091134,1677.12307327496,-76211.4434071777
-325.170660970888,1783.77234973938,-73468.0637645509
-320.360924172043,1346.15195105859,-70805.6077732576
-330.866085627971,1247.55690715973,-67651.653997396
-330.184598126734,728.171861870922,-64751.4183921219
-336.258755849528,1118.11807138276,-61797.2032556092
-340.963646607354,1171.02623727174,-58569.7746866526
-326.471959432555,689.649291964689,-55673.0982686285
-322.874896427003,503.257046836491,-52572.2914855074
-332.719075258102,398.492643183684,-49603.3111854347
-327.148837368628,732.39326075439,-46617.8321928157
-333.757819322153,1621.69605660629,-43953.8564398545
-332.158426270652,1863.67646822817,-41280.4561994986
-326.860488436456,2058.457046953,-38724.7177186275
-321.969557438594,1725.29306771417,-35900.0939252057
-322.947014273183,1870.55950920795,-33212.8626575564
-305.702555312446,1377.35444148332,-29938.6881523637
-308.014395610967,1283.77782423402,-27029.7044474804
-305.679827736303,225.648594243189,-23504.7676517571
-308.232868647247,505.774097855818,-20574.3824960257
-310.198784411416,343.503807751821,-17286.0009822356
-311.412551231091,525.810311138441,-14042.5705782339
-303.860280502164,356.775515489627,-10610.5420119645
-285.477970152091,240.366156636463,-7468.70842501253
-269.572935231241,302.941727831511,-3930.9952574546
-276.075683931909,524.101874958977,-1114.59738145761
-289.259916412931,473.966531506327,1323.32701788063
-317.015556829246,751.835828957819,4332.2624057898
-329.56641111603,1343.00626878992,6415.96414283425
-321.922916942461,1144.60195656048,9040.21669757348
-325.005055993946,1030.76784184955,11929.8305759902
-329.843405680377,214.098140002195,14691.5915728587
-319.995073843904,-132.196409174143,17795.1672400771
-325.45161701209,-181.341110824485,21187.9724295648
-327.315744386674,451.6250408292,24320.662104433
-334.723516579932,610.555611042839,27420.00905871
-339.231694564019,571.007078075022,30764.0073461869
-334.742585798478,-497.777379323389,34581.2438721803
-339.837504931864,-738.372198997801,37325.9642884375
-340.301515617133,-1321.95011477826,40453.6287725766
-334.753197108075,-1225.19832862121,43445.0608946915
-334.801777333803,-1808.58305314,46535.1794325941
-354.312923001372,-1845.59675813902,49620.522630675
-363.761595086001,-2007.07372742589,52081.7488812445
-373.481566882504,-2531.82681628849,53899.1697438266
-351.590954586023,-3218.49757927053,56092.8011865897
-335.434087598151,-3894.09912449365,58366.9384710066
-302.579894752696,-4484.12907924591,60438.6352765949
-291.89426624737,-5029.21962263296,63357.0763838037
-286.254871476598,-5183.42068588471,66196.3738211798
-267.459392593707,-5254.17116825075,68960.4913286216
-256.258228086042,-5648.88970568642,72592.8831966956
-268.989298375313,-5738.7010302514,75732.144498726
-262.394981666413,-5758.61320627595,78376.2098992952
-262.63160663095,-5988.18037902357,81375.4470482686
-262.265221616673,-6239.88234685736,84343.9024696035
-283.826226878373,-6115.43604967675,87264.6071247009
-293.827743500857,-5786.87151918645,89576.7506173707
-291.377196847486,-5743.88244959217,92480.772410778
-288.668981202984,-6172.17092037342,95465.704919366
-293.76004286656,-6533.59166796931,97863.5851334215
-285.25800891959,-6525.55935638297,100083.999454927
-269.489869024711,-6776.25387282099,101711.062063394
-260.352565534701,-6988.68965223147,103811.197273788
-243.699993932455,-6988.78183630773,106583.505064061
-235.159385650921,-6834.38783446321,108998.159472724
-219.610629358793,-6546.00612439446,111418.514752142
-215.421847911065,-6228.94804206163,114064.87226825
-213.992116867231,-6156.58357344718,116193.677228968
-202.96483515015,-6011.40476927076,118328.792878947
-210.014061830449,-5998.49401830187,120355.069962201
-201.145564552278,-5669.78402589495,121548.540616789
-186.458823354417,-5988.32369508321,122917.985113221
-182.34572264132,-5933.13410877976,124466.847517195
-174.734557229988,-5727.23051983565,125448.399436525
-163.767625568969,-5677.77907334355,126706.841280195
-143.279230408302,-5406.27984251316,126993.97578143
-126.326633642101,-5157.93744499553,127977.138153091
-108.206063769588,-4347.87978159161,128427.969764133
-85.0287717409164,-3671.41146261301,128756.709799499
-64.210019863924,-3611.83068615276,129902.551379963
-58.0676735281689,-2818.44844698,130625.538176856
-52.373311843268,-2462.85287466053,131879.810725347
-54.3169074279583,-2003.20928614801,133229.002559019
-66.4525877741412,-1681.00681918974,134124.682121119
-71.6494582394665,-1338.47369735455,135652.736640642
-70.4040377454561,-1088.43281447778,137226.755809919
-61.9011219602676,-1332.88896743057,138605.072797887
-42.5230639756193,-1110.12464146358,140024.647096252
-30.6473081852559,-1209.36746692208,140731.309747773
-14.9198525452256,-1474.46127689438,141779.539054121
10.4709103118526,-1316.0558595285,142888.560980032
35.2389976570975,-728.340981830554,143774.525423632
51.7399079222868,-793.735338785089,144265.508474486
61.5844625859666,-1298.51220596768,145207.504116209
71.5618234632342,-1372.07276410155,145414.542924476
84.2982680340675,-1457.38650179106,146254.531035723
98.7162244910132,-1875.35091912284,146476.557713471
100.224786996926,-2578.11783672575,147132.902594769
112.309219201564,-3107.43603117531,147888.628509111
113.60642337194,-2980.22346078159,147964.417931383
118.570852066524,-3275.76498261078,148165.136411586
130.974446540961,-3186.61220479402,147972.738862579
139.716042697189,-3153.20651898317,147590.693236819
158.576534923525,-3062.86516367996,147613.148149589
172.285741879329,-3236.67351910867,146756.218679799
176.408713780381,-3346.26655741737,146044.81920607
186.473053416986,-2807.56163253964,145205.872542537
175.063623426666,-2982.53961697506,144306.234255879
167.906298577865,-3185.21665243209,144155.397052728
161.005952053812,-2960.72908738243,143242.464105102
142.32015840735,-2939.00127960181,142299.346122007
126.056551985157,-3127.28699914172,141197.710104882
122.626142469334,-3128.76305031825,140102.356333304
110.719702364462,-2533.41822254972,138802.093255522
106.110238828691,-2417.17810070803,137963.128694359
102.999195767596,-2544.6758394359,136773.092442869
87.8083217695906,-1638.65982813027,135687.057700487
87.9744819957002,-1299.63993863769,134500.87460285
75.1575712644527,-1499.80965733701,133226.344694578
77.0530928428925,-1570.80557007684,131690.545893225
74.3602461437434,-1730.31296839226,130353.886345051
70.4414264059827,-1962.65727096142,129284.698587792
66.4397807983583,-2556.21142369862,128216.153938639
65.0904152675641,-2707.63484105475,126465.79109492
70.8978778793434,-3100.55443631537,126017.616808172
68.4767010445939,-3057.96539411693,124586.433280335
71.7281121210195,-3166.70236305055,123037.848303461
86.069435039454,-3451.12873612634,122027.354318439
87.9436712638815,-3492.09430378624,120445.528735783
92.8060715345949,-3181.00369401229,118501.076948557
106.123577347133,-3453.08276346052,117027.386631564
140.509312529805,-3433.4969653072,114854.158767259
155.150857476419,-3503.35228850863,113271.572373823
180.554987176789,-4066.72092359366,111670.423442764
194.344737764692,-4364.72427027038,109262.188463317
210.496037384038,-4196.0032916145,107075.674189991
232.687714655103,-4858.97793280788,104849.922083942
232.662812393616,-4723.57912938639,102565.731812188
238.513694376585,-4151.66780001955,99728.015619503
241.422677685957,-4315.68396079239,97213.6056703474
243.022828430861,-4377.95913982061,94243.1524747415
247.988365391088,-4544.1794400779,91240.9625739102
255.791835006563,-4436.48508463684,88113.9014106696
264.613916215105,-4953.99666806414,85052.9816086761
291.158276791892,-4600.53247421222,81081.9269043613
303.10590123794,-4162.77647613888,77628.2225853181
290.548747999286,-4345.08505733564,74080.8376416304
288.422090002341,-4509.49728968053,70245.5874063201
277.491686858924,-3969.6344832537,66391.4879152526
271.622237621942,-4015.66253355298,63219.6677178882
251.443952461285,-3657.26743774585,59453.5417511772
225.285611385658,-3406.02494305873,56302.8468566405
205.748319688266,-2866.22758695113,52602.0519130546
172.296666753866,-2826.8449964841,49143.9471039526
157.195780986001,-2725.15048853245,46340.1879810346
131.430270257675,-3232.93490314894,43294.5016951816
102.379256827043,-2828.33138869137,40074.7319654217
90.1494805986406,-3005.96167505975,37070.8277420758
74.4216604897555,-2793.29335951997,34456.0045471624
51.2327888822398,-3358.86642649166,31778.6677532022
43.6948432761208,-3143.62489659173,29413.6752758091
18.9683015989158,-2720.21018254015,27197.6626229952
4.5992290030522,-2438.24353099529,25047.9361319544
-2.33550223279101,-1878.90753726698,23019.3160070771
-38.8238980334482,-1545.65086442545,21322.8879533108
-41.2747860498553,-1494.33668185212,19320.9812139428
-50.9022795877229,-1207.66640122921,17440.0279739295
-47.9415511237141,-261.239463480145,15284.8265554112
-29.0985527306467,201.280652937301,13151.1050706929
-22.9174026211376,1107.26717319814,10809.0024499137
10.6258193173823,1274.76643132817,8301.86869673422
25.8820503120972,1119.95634218142,6043.98475999142
42.4519554236179,1283.96743951395,4020.2214853426
66.9739993143318,1675.49815902589,1626.13025139565
88.4762636379982,2536.58744765735,-820.540865702709
111.69152284609,3809.63672810949,-3159.56331187221
134.113601910891,3916.13650376966,-4896.99373368429
149.992938421922,4611.75730822641,-7259.04431029489
149.001964663586,4685.09640105745,-9671.64700770965
159.510913143121,5470.34666770382,-12299.6237050974
177.692061342128,5604.75297574052,-14923.7258495498
204.265786460877,5967.36118850531,-17657.0710694361
234.861019197255,6159.93260922152,-20446.062343768
251.993054033492,6383.73180205377,-23220.136959534
265.668523974151,6401.63738552954,-26121.0894536142
261.922859100759,6421.50037294168,-28418.6147031935
293.087689233012,6282.42366244099,-31040.5914195889
301.891474477483,6135.76294167371,-33567.9254768124
314.598839520207,5249.4837963304,-36143.5548649243
325.859250651833,4326.636621156,-38711.440674091
327.202677097144,4644.85431005597,-41177.2975535768
324.512238083197,4334.96032540773,-43326.2184770758
334.559628984153,4379.14412736351,-46046.3132421656
339.755288026516,4405.80031126268,-48632.8135340082
332.884440168918,3933.91738109052,-51061.5342490368
334.577840358305,3413.02416759299,-53883.5049079449
341.189643638081,3721.13730757141,-57274.0060074104
348.584059615151,3857.10103314048,-59973.1413655567
360.821954667992,5823.73618499156,-63177.7465741094
376.594511284433,6449.22117080295,-65443.833740252
375.444295099084,7182.15738041136,-67877.1573919552
387.729897704534,7117.14762598415,-70431.6692988055
379.014349210695,7552.69797089223,-72825.9313184261
368.450672007682,7736.05821012266,-75012.4419603957
371.624499543226,7914.88556060543,-77333.7442294302
377.944171829515,7989.83999655778,-79827.3050681423
364.651797356088,8297.90463271316,-82143.077618865
357.756045183302,8174.89029798142,-84478.9407047813
348.577531589534,8833.31855283233,-86717.1115346583
343.755112847649,9134.29159952991,-88769.279569207
335.330117603497,9014.49124829825,-90539.8868387876
325.318464893948,10077.1917395669,-92518.7003312959
316.072139265995,10124.6592939168,-94066.1982319173
315.441889905272,10696.9659072122,-95769.3966488427
314.231334955718,10862.1444767336,-97460.7455514961
318.557476962994,11286.6751180681,-98872.7477298998
312.736187995643,11988.4189974281,-99897.7257817972
317.309608083617,11604.9994409545,-101239.611211246
330.526912571278,10205.2975732298,-101995.068126706
338.511510733604,9893.89539499372,-103352.526798982
337.163834449287,9070.48933238845,-104492.227814157
329.755485986287,8770.80763982325,-105621.492060205
330.115883661514,8274.82085592846,-106794.38924905
329.865430522823,8200.59463422022,-107984.99323783
325.133428639337,8741.21934635868,-108817.758722245
317.304229755108,9058.54070195939,-109771.211133923
319.31671156562,9545.74302922552,-110518.914155481
314.097881846226,10013.555488552,-111298.376658582
306.965036165546,10314.1669184261,-111995.354430337
307.737557669073,10198.2212261303,-112755.969235034
305.856204936402,10445.2903963937,-113427.831066529
306.876267550736,9930.98578309519,-114298.243695695
300.86249060725,10002.2186979991,-115050.707525867
297.007315793478,10457.4205891433,-115528.130958553
300.162162002034,10651.1042988061,-116274.162877995
299.751676846568,10689.7626677687,-116611.561458676
290.424229294507,9437.88026811485,-117112.920436083
289.559920413492,9565.16513989016,-117505.747152601
285.552081915065,9803.01858302967,-117846.96602735
278.788960558034,10165.7814486824,-118168.988115218
281.142166867932,10712.5885370317,-118357.845045235
271.996465406292,11710.4344184948,-118335.080999194
265.250839343761,12493.7632615645,-118461.946733227
260.951931575678,12333.5272555472,-118381.715706087
258.411109526814,12458.0424880623,-118378.776861283
263.110736878819,12586.3412542322,-118201.937333848
267.092286717711,12729.9971149316,-117924.575516376
269.530961240438,12501.1401713826,-117582.985750621
278.548193214204,12285.5195542896,-117215.050176992
273.987381784215,12972.1119852885,-116716.077294372
267.468586527474,12958.4982374519,-116137.207552611
258.90686362474,12995.10360805,-115487.566205373
255.278659977401,12936.6523698811,-114835.246302471
248.448463918552,12371.5851387276,-114329.50564185
244.440698798687,12453.3071688801,-113507.917203002
235.468843268471,12474.4644867861,-112841.444006165
242.614349140366,12861.6912328057,-112067.983826983
237.940072327791,12317.0449649431,-111166.979303089
229.524710005425,11145.534641836,-110265.416632224
215.532706205037,11154.522123657,-109333.216337177
183.02908952208,11545.0288241192,-108375.291635843
179.381014087998,10365.7252011345,-107528.858532434
176.878411897658,9592.5070684674,-106366.435792228
172.429261682822,10273.1324133683,-105357.461160474
166.822353579902,8703.44277232726,-104496.017674335
157.515059371847,7958.05948433093,-103397.495983626
142.119194784757,7150.78456087692,-102417.131854778
131.338869688914,6699.20441474916,-101121.417272008
115.88722817791,6304.11464277373,-99953.8571047245
107.365143675145,5263.65422317721,-98755.1998821975
104.989878562771,4283.7699188082,-97617.0252475607
104.095179427934,3984.77758332588,-96302.6393479727
104.596584714949,3399.13049823431,-95112.5626536523
103.731344435373,3404.38741673115,-93647.9176223403
102.759205371913,3091.31418575973,-92434.2114070856
101.368618210734,2271.5571075385,-91205.4856522455
100.029971150002,1719.21503498681,-89825.3162975311
81.9331784909421,2152.76415077427,-88279.9985985968
75.2341529301581,2257.79364707416,-86647.9527862054
67.5171217147454,1625.68243830858,-84833.4603467221
87.5910586533017,147.493510440102,-83246.3724979204
71.3409090064963,486.453600717427,-81258.8125061194
61.3226378608435,356.955364314229,-79415.1710942542
51.5804647413201,-699.571475060831,-77464.8680335015
30.2852501092464,372.025094752891,-75194.3779222535
18.1087427284109,-695.716436554314,-73087.5346117919
15.2694638240726,-841.540798308701,-70900.1779766488
15.2041551707085,-994.807669908844,-68929.0063903689
4.82199583774215,-627.475473270309,-66549.8307303574
-2.98983433563177,-673.260114851016,-64276.0350477528
-18.9169027904087,-235.408249875153,-62127.8090419299
-35.3528045282249,-46.8245507112415,-59955.8446583356
-72.2966065722032,-520.787658072577,-57503.8954008681
-96.7752966125571,-1959.66569296905,-55251.6221785023
-131.557870871638,-2397.97321379261,-52684.771850405
-158.235074783824,-2114.00140394538,-50268.922839584
-183.334703753142,-2219.70082696902,-47821.3899528319
-209.743036750993,-2170.13646640473,-45376.7355093925
-234.52321175568,-2951.1658156133,-43022.1094729442
-249.074010717671,-2750.8735297852,-40470.9007926207
-267.068325678589,-2130.77437142419,-37751.6729496429
-283.907584663957,-2201.7912542017,-35207.6894253377
-308.209394900953,-1887.345575074,-32476.7161101701
-327.851713611447,-1516.11196611986,-29760.6962564172
-331.647211774639,-2193.82101690711,-27214.2868169314
-345.428642793205,-747.004015310108,-24388.7209673889
-358.030091817122,-1673.44910470513,-21808.345995557
-375.759039139812,-1288.59276255676,-18940.4109880561
-393.017800666481,-1741.85243213953,-16351.0404487279
-407.414352544844,-1863.77118437309,-13730.64284369
-418.357628005526,-1967.22441953659,-10921.2896690939
