-42.9791614,197681.36083415,-2643.3067697
-59.3668992,201275.1674392,-2676.0380735
-72.7509546,204953.4194829,-2581.16809005
-87.00740305,208687.55989655,-2414.1876431
-95.852806,212420.73957355,-2147.8316891
-91.656485,216182.23337435,-1795.28551035
-76.2405268,219912.7075286,-1305.83988045
-51.1509444,223614.82338725,-765.497294
-26.09449085,227246.62878325,-115.85158845
1.12638090000002,230778.5948683,602.7021251
9.00000425000002,234223.2885195,1388.81660675
23.48835465,237508.7649176,2379.755725
41.33376185,240661.1516823,3403.4813618
65.374264,243638.01075675,4509.95182295
93.41231405,246486.53970925,5640.3413138
122.67613155,249169.148338,6782.43633165
158.19025875,251666.5114805,8001.3902815
169.3105094,253957.5702311,9446.2940313
210.00378015,256083.81295295,10660.9743595
256.40625605,258031.43595855,11910.4620661
299.263945,259801.13495375,13106.42459405
332.5253104,261396.50994025,14311.5085987
383.632083,262812.5805476,15510.3754225
421.619831,264107.9627544,16662.43118125
456.2505222,265324.0565802,17986.5581869
491.00268585,266378.3270167,19108.22374725
519.3057667,267266.27958325,20125.83158975
548.392897,268041.71553225,21117.97438955
585.88371225,268664.2397526,21942.2974782
608.98556365,269183.88785075,22790.40708115
644.01380105,269645.427946,23572.88843225
683.1389729,270009.9336396,24134.4334827
715.8261049,270252.1497049,24735.3466499
751.26293145,270397.231982,25223.30148155
780.7144791,270441.03936465,25658.3164109
802.56847715,270403.2614327,26021.6957236
816.0077473,270277.53744695,26294.5670181
859.19672475,270081.10545235,26259.32896465
883.09366855,269805.3519479,26411.865233
894.62250835,269491.43400825,26492.9867437
926.1280447,269083.26449035,26579.1659255
944.95627445,268606.6176395,26641.45920645
954.2654813,268076.7768985,26586.08985515
975.12561385,267421.69806155,26551.08370365
999.15507305,266637.2841942,26248.0761986
1020.3906659,265832.1206238,26107.0577271
1029.65570095,264943.48339435,25984.38159555
1042.06797675,263960.08661095,25855.39993955
1038.68883405,262963.118042,25768.49192305
1053.6962031,261887.5788838,25580.36422685
1060.6753475,260681.85438805,25365.2586038
1057.77105165,259416.4979623,25158.23642015
1045.1489598,258071.52186705,24934.72711215
1021.52808975,256671.78378275,24646.0312703
1045.4360765,255198.5106944,24311.81638855
1064.92688325,253633.4596486,23967.2211338
1061.28270975,251946.5165207,23589.32034185
1047.98699795,250132.94388515,23185.76677705
1020.99802815,248181.7319208,22744.38006555
992.77224795,246062.26957025,22266.6289197
947.34155165,243888.5863352,21747.17959465
908.64705485,241624.13005115,21115.80997135
855.1218762,239255.5608345,20414.6157752
819.11081625,236824.93023885,19651.84608985
784.67889815,234349.60882455,18847.38926825
732.2359286,231767.7339857,17917.2747186
684.1770102,229131.1192437,17021.9123326
625.57207455,226428.89833575,16112.64687255
561.76590945,223652.5129756,15240.03296355
500.9965556,220782.2073257,14350.76628595
421.1118553,217862.15318605,13456.1216917
337.46150905,214808.0376334,12554.508996
287.0283564,211743.96133985,11557.3968687
230.5326242,208655.57951335,10600.348564
148.11908835,205552.22344665,9656.8610019
53.1165895,202420.8735017,8677.31820805
-30.2135112,199315.67326235,7744.76316645
-96.6258125,196265.1577114,6919.47934115
-143.41479165,193280.52440015,6054.94887155
-181.97677305,190378.90094405,5233.8944961
-214.08967165,187505.5584829,4416.8707974
-253.0381563,184765.65902955,3744.38827125
-288.0443078,182100.1448874,3101.46772225
-340.68605045,179473.2700273,2403.00113475
-383.26766565,176902.39396665,1752.6707663
-437.37812065,174459.3731811,1135.20421705
-493.71925155,172161.52301625,490.3732377
-559.77817845,170102.509774,41.9742529499998
-610.8297363,168095.6523846,-568.4248083
-674.73528795,166314.28099125,-1057.35141955
-710.3929735,164611.2482852,-1613.38603795
-733.32918065,163130.46599085,-2090.02184585
-777.3132505,161782.8395876,-2507.2355398
-791.4040547,160549.253729,-2840.63324325
-825.7476292,159467.2875739,-3168.3106986
-849.89856085,158517.86994765,-3443.8323011
-868.40654505,157777.02051805,-3736.713421
-882.5967358,157090.8005621,-4099.6731016
-910.5574852,156477.5634627,-4509.86347935
-948.8544358,156094.93628815,-4878.47715035
-1006.8078374,156049.0086591,-5023.02936585
-1026.5968038,156193.8921631,-5195.47607305
-1044.76245655,156276.294656,-5459.9436826
-1054.1158352,156473.00272435,-5661.6762932
-1058.6876165,156815.37834615,-5787.0137757
-1036.0937408,157273.5172128,-5871.12792585
-1001.9268535,157851.1518414,-5935.88378465
-955.7894084,158353.81588245,-6243.463071
-908.1280362,159033.61988445,-6287.7894723
-854.7464159,159698.1956584,-6465.12820635
-839.38567245,160567.805885,-6470.0423191
-823.141493,161400.47744385,-6621.43012065
-795.63350455,162316.0815572,-6688.52708485
-788.76478965,163272.0476528,-6837.6842105
-769.2960688,164281.22972445,-6943.2989843
-753.58195095,165329.51488205,-7066.06345945
-733.5610826,166368.59021935,-7210.8917487
-704.9598421,167555.8509027,-7268.8451503
-660.93160045,168901.00368515,-7149.6917198
-581.9413791,170223.24234635,-6997.02293605
-539.74626715,171354.30545715,-7166.1457153
-488.48489325,172412.77221465,-7285.034115
-423.30940235,173742.3323517,-7195.99480915
-363.313055,175139.9501896,-7019.99227205
-351.53022735,176415.8747185,-7127.77146405
-342.65169555,177636.24216595,-7229.0242726
-279.2982914,178972.72623265,-7197.12119005
-211.9362964,180451.79686975,-7017.4192647
-191.03199205,181792.76437415,-7028.64994485
-143.5362641,183214.6656591,-7024.25485075
-123.42705215,184548.3669024,-7239.79114885
-91.2810247,186046.79583085,-7218.32365405
-87.460164,187537.0529763,-7268.0500579
-54.45278645,189085.5175112,-7208.87088885
29.0429585,190633.86057365,-7190.3297758
87.239305,192273.49570375,-7039.31743455
112.31784445,193874.2044351,-6862.74066405
150.9792124,195480.0481382,-6638.78963805
170.5473198,196979.5924046,-6573.7577055
173.5510022,198393.9955265,-6690.31604275
199.29211865,199873.198679,-6547.06689535
196.3215651,201292.56008545,-6505.47914565
197.1166575,202580.49934395,-6714.0915141
202.56083185,203902.0422993,-6966.7321242
220.417282,205352.2245792,-6950.17874215
260.55840525,206916.69034865,-6632.71601555
240.3829356,208288.26891045,-6535.38345425
190.17064195,209521.30262155,-6715.91360085
171.1878109,210864.83209035,-6896.5873058
163.7669485,212236.6867259,-6951.26095125
258.6038031,213673.05427535,-6776.1970649
270.6185327,214998.23036125,-6770.46577385
297.61854545,216307.65920045,-6795.7872582
311.53266245,217591.33588025,-6832.1406496
255.80993675,218801.9634458,-6914.33332645
252.09950555,219951.490369,-7056.4892218
311.1240733,221156.717932,-7059.9346222
319.88113265,222253.38225355,-7148.6315966
524.7388981,223513.7030941,-6774.24246275
519.71435585,224647.36129815,-6705.1025528
543.6886003,225670.3470573,-6920.4179919
552.48983145,226670.07636375,-7150.2438673
518.2456435,227677.92223845,-7213.42058425
538.2996407,228583.46622435,-7350.0991764
568.70088205,229482.3071396,-7415.46239745
527.7425805,230212.94184045,-7790.5361942
508.29594555,230962.36059925,-8159.53636845
548.4812406,231731.70083985,-8325.82110955
699.8359133,232489.79935735,-8338.18921355
722.04328575,233097.22786505,-8574.1439262
646.17821925,233637.0403899,-8897.33794385
662.47761345,234166.56088535,-9303.0007121
684.85063015,234658.0936328,-9607.35545705
692.84572595,235121.46685775,-9909.5457838
732.0592414,235598.54438365,-10197.8551224
753.6150798,236048.5114673,-10481.305563
760.8813409,236442.07116235,-10861.21617185
746.97826685,236820.33637165,-11355.78573055
571.5610061,237078.27759775,-12180.1088192
570.8984291,237443.71089915,-12679.8464785
582.2947535,237821.7221206,-12990.34110365
581.04690015,238186.81309055,-13313.6676367
609.09599315,238553.7151043,-13601.159797
591.14015645,238900.12140285,-13896.37097935
571.7156074,239201.6049808,-14187.77234395
608.9966066,239525.1634158,-14414.4509786
639.53036335,239809.0555744,-14631.43390315
636.3168649,240054.0986349,-14818.3800037
546.2505647,240276.71346395,-14998.56781885
533.71681645,240424.4791779,-15234.55566035
527.09104645,240530.2043812,-15518.80119335
470.63948605,240581.23385315,-15658.75954165
426.3020418,240577.512379,-15936.48973415
451.71186975,240540.08782145,-16185.2321829
450.9057344,240453.13563315,-16406.5329009
435.9977519,240304.07789405,-16691.67291285
396.07748765,240101.35141795,-17093.2939614
391.0971172,239898.3930399,-17434.0573125
336.5007724,239601.4260285,-17871.0489299
302.01363955,239269.80624,-18292.67980385
267.8136234,238914.78644045,-18745.55118335
251.63570165,238546.051297,-19134.7157843
253.84429165,238170.5247393,-19454.95029135
238.33998985,237781.73559865,-19712.1295539
196.08966315,237286.3599046,-20154.41074435
175.2074447,236796.6713298,-20483.4133537
139.4503726,236264.5557411,-20779.960733
72.8392982,235637.2720093,-21266.5351959
32.60983135,234978.736729,-21768.44831635
-11.29693785,234358.46527045,-22133.39572795
-25.1116683,233710.8956395,-22469.1124509
34.9840656,233094.2573115,-22696.14445995
57.03683675,232451.34780545,-22920.80223475
-7.37669059999999,231739.8836658,-23248.57907665
-69.7251863,231002.35816415,-23549.21234745
-125.447912,230244.52467745,-23820.75848795
-169.8626569,229467.69731675,-24042.9978567
-191.043035,228679.2859015,-24138.1439139
-213.49335235,227845.4990047,-24280.67526955
-210.04795195,227008.6421678,-24284.14275585
-261.497056,226112.8822356,-24344.4262199
-304.4099597,225168.98608435,-24378.75875145
-332.47009565,224202.63961575,-24451.48762015
-397.97687505,223212.90417905,-24497.77966655
-380.59527175,222249.67182235,-24454.2594006
-411.64804715,221212.84924685,-24531.30606275
-432.67382395,220172.3714549,-24594.05210465
-441.35358265,219155.3599317,-24498.2324275
-479.34133065,218092.0121903,-24339.79922385
-517.35116455,217026.6325461,-24201.7954777
-536.80884245,215904.0945927,-24112.55739875
-627.55980555,214760.14435925,-24056.0506236
-653.31196495,213669.9291205,-23818.2517383
-667.8555301,212649.65992705,-23569.50928955
-701.5806994,211553.29376515,-23537.9374955
-760.80404025,210561.99022955,-23426.2270133
-787.21877665,209531.8265529,-23305.60487045
-842.41144075,208483.6959966,-23308.4208227
-846.0887431,207589.25017545,-23166.11032605
-893.0654524,206652.69758595,-23152.21829495
-909.9169941,205759.07998605,-23040.3642544
-895.43968665,204876.15196175,-22969.19244165
-1021.2961878,203986.5208668,-22903.17768655
-1097.3600274,203130.8468431,-22858.2660089
-1177.01282575,202302.12866035,-22769.7236358
-1134.0888791,201557.94425985,-22673.4953695
-1159.7526949,200778.6984931,-22675.18494085
-1143.9171046,200108.26995565,-22575.102685
-1167.42754515,199458.28191865,-22577.752993
-1175.3895121,198850.85341095,-22477.29527685
-1192.7269436,198370.4961289,-22302.6289367
-1159.29993395,197912.35726225,-22166.2485042
-1208.9379942,197418.18524975,-22135.82517695
-1239.5048798,196970.5371856,-22023.1981299
-1254.2361751,196617.8474485,-21718.5231394
-1219.13063705,196201.1306873,-21482.45799725
-1233.8067176,195947.97105855,-21064.37191025
-1243.0165379,195699.28382455,-20670.8122152
-1253.3306532,195442.24812035,-20205.3297868
-1260.7073438,195222.09586915,-19798.62898125
-1258.233723,195006.33871205,-19418.72941535
-1275.31716665,194914.1632084,-19050.4580758
-1196.0840004,194864.3595039,-18803.9573459
-1159.288891,194842.7594937,-18517.18297735
-1113.4827344,194884.4576729,-18290.4822568
-1177.8189611,194885.2527653,-18101.52633935
-1197.1220377,195017.07245945,-17863.94831305
-1215.11100325,195122.0136133,-17732.00714645
-1212.90241325,195276.14006645,-17590.28192615
-1199.29749885,195435.75486575,-17507.051212
-1193.13553275,195568.40278115,-17396.4229389
-1218.1919863,195705.20284575,-17288.69896165
-1183.8263259,195919.70110655,-17173.80810985
-1163.23122415,196096.38830655,-17151.41300725
-1151.03980735,196323.3982297,-16940.8129078
-1095.05205085,196629.6854909,-16850.879123
-1057.85939525,196862.8242513,-16854.9650145
-1043.1391429,197167.2562969,-16635.6741134
-1004.1133576,197495.68467285,-16724.40421665
-989.3820623,197868.93638285,-16569.063039
-894.11453265,198332.3537796,-16650.8471267
-874.19305085,198753.3552054,-16580.5918788
-810.71817425,199204.9897745,-16558.87039615
-724.75985145,199694.2366313,-16521.25810845
-700.8076929,200173.9423793,-16418.66910295
-664.6089028,200703.33035935,-16349.09851795
-613.7009033,201198.6839675,-16150.8886084
-555.49351385,201717.97869125,-16044.97567495
-521.22724,202238.4218818,-15879.92774425
-467.63580365,202795.61600995,-15736.1374923
-420.26154815,203361.39051025,-15536.0171524
-372.9425074,203967.75889475,-15390.0514393
-341.61365825,204585.5788184,-15195.86116355
-315.50812445,205210.3226717,-14882.7383163
-219.56697485,205897.47023545,-14850.6695895
-215.67985645,206571.50981755,-14664.4191948
-98.02826715,207331.4304218,-14753.6683167
19.4135061,208127.37312895,-15068.5249071
76.42825695,208899.9710398,-15124.9764675
150.34976425,209750.4327911,-15399.91279365
157.39516635,210606.6589623,-15515.02450445
202.1743286,211477.8152019,-15663.7840839
194.1571469,212282.26098055,-15406.09684565
241.34367225,213191.5264406,-15489.504247
302.83081785,214057.8900399,-15509.03922555
379.71183575,214914.6021009,-15524.9742024
470.88243095,215832.72400685,-15827.9044068
523.0603697,216706.2986525,-15780.8835257
563.55486735,217570.3211464,-15704.45526875
551.5290948,218435.98903985,-15541.8920018
534.9425839,219313.06430065,-15335.00233355
625.7377188,220264.9334618,-15404.04285695
725.51077205,221231.62226185,-15611.58405925
811.88872695,222205.72088135,-15806.33752545
868.71574765,223180.04035985,-15971.2860696
914.9525793,224106.96349695,-16192.0125542
914.7538062,225016.28417175,-16123.35853405
925.3108664,225916.8698731,-15950.9449557
935.19430665,226871.0249249,-15940.55353975
977.9857379,227772.93578025,-15735.00006845
1012.3955701,228675.420869,-15609.68467185
1088.4373238,229534.8715816,-15547.8331089
1159.1342897,230468.0892002,-15760.08965085
1192.3735692,231278.87363215,-15583.62330985
1232.07297445,232136.9218901,-15611.16442715
1265.11348085,233022.31249225,-15599.50307195
1244.92696825,233836.4981528,-15317.57655845
1286.1282147,234698.05806885,-15402.98273375
1239.5711375,235560.5235068,-15443.57661795
1176.90239625,236501.54849105,-15740.12399725
1216.32572775,237406.197998,-15962.59526795
1335.1147409,238244.30268825,-15936.964581
1363.43990765,239034.7018345,-15676.3951328
1417.0976017,239824.08502935,-15607.58651135
1457.7135718,240551.85960615,-15435.97906835
1559.6179144,241311.63665205,-15252.55566885
1630.48052455,241986.07378035,-14994.76904405
1759.88181265,242677.5722664,-14862.47450305
1801.1714027,243271.9700931,-14572.00074625
1828.0720289,243873.33602125,-14313.06565465
1877.0364692,244400.5374972,-13909.55626165
1893.05978965,245002.201585,-13641.1573619
1889.7358617,245541.41779055,-13172.81480945
1907.70274135,246111.2450535,-12869.24411395
1919.1321946,246696.81956315,-12506.4059058
1869.4830914,247206.05415945,-11869.5368934
1915.58740765,247836.7943346,-11708.4423388
1896.83647855,248461.9136482,-11426.28392335
2012.7543247,249107.1311308,-11191.6543647
2145.14825225,249614.30069545,-10465.9558625
2183.20225795,250213.2150887,-10137.5164436
2044.1604745,250782.5675048,-9585.77753275
2016.21076805,251366.916247,-9240.88411835
1952.38251705,251905.7680352,-8580.05190445
1947.755521,252533.3388837,-8232.94990005
1892.7837159,253100.3501944,-7690.8183557
1845.31007385,253722.3995679,-7338.1727904
1702.2486566,254222.41330095,-6587.782252
1738.8449929,254783.2736885,-5988.1058952
1769.522308,255337.2764041,-5524.48972535
1756.9112591,255987.5736437,-5240.59756675
1696.27442065,256475.3186593,-4637.56415315
1662.88053985,257033.4735241,-4225.4081303
1638.2878902,257492.93754475,-3544.13541595
1674.78483995,257912.39295755,-2819.5301658
1712.6069437,258428.38583925,-2453.1692566
1699.25601715,258843.24738485,-1491.5049988
1712.88301745,259222.0978705,-527.35607725
1785.30268355,259713.67478975,236.981707
1775.45237215,260146.84554645,887.77587935
1781.8462402,260530.5328442,1966.6389655
1754.42659535,260943.141628,2834.00747325
1674.60815275,261398.5087142,3667.24222255
1646.945563,261883.48194935,4315.143142
1625.1246938,262314.70914685,5457.9780375
1592.47069065,262770.27500615,6604.15894685
1578.20319925,263217.5696959,8047.78171445
1545.0633063,263646.8091624,9214.4141672
1439.87920755,264170.2670783,10323.1484331
1335.43498645,264836.2453069,11318.582032
1216.81161755,265280.97803225,12985.41594795
1192.859459,266237.3748029,14279.40674305
1209.45701285,267191.3089957,17731.67585795
1289.374842,267545.11407075,23816.2419214
1650.1259326,270082.066189,34965.1379837
2005.9960393,270244.56319825,50876.29519055
2100.44639065,277138.2462082,76549.67418525
2038.9040303,283668.06401565,104315.7032479
1824.37264065,288102.44893175,121432.4082633
-14.94111135,290422.08683695,140497.465119
-1594.23756265,294209.13402405,157207.62393015
-3712.05451365,295897.9875823,172383.8949004
-4685.1703106,298449.8145542,186513.62549915
-6034.91696025,299905.1207629,198765.2374196
-7137.9641069,301225.44899375,210004.96174565
-8089.28112055,302590.4570003,220036.1456237
-8955.66680575,303763.60479355,229551.02741745
-9373.64246325,305216.94535715,238448.4095331
-10002.924969,306563.10304805,247242.5290233
-10868.4272182,307095.01986365,255379.4383872
-11695.3895719,307675.74651825,262910.36586985
-12405.1420543,307405.39301635,270044.84040455
-13266.9117864,307132.5990225,274420.69768565
-14320.7625908,306912.8222316,275225.33119445
-15675.5558686,304909.20042655,270422.28843555
-16500.5084054,304627.1082688,261475.6547629
-17252.6879017,297036.4715555,242240.1831028
-17874.8477047,289691.70612395,220607.01092395
-18371.3608226,284307.4397777,209239.08899135
-17064.70376385,280978.86274575,195158.48847715
-16017.2909993,275924.3168006,182707.7721682
-14485.5013189,272662.5164873,171861.08851855
-14155.15146965,268683.11215415,161920.2138856
-13311.8565929,265568.8346099,153610.89094335
-12867.24534,262337.06007765,146034.400249
-12546.25991235,258753.11482695,139575.3567081
-12482.8623364,255227.52052405,133369.53905365
-12769.48210365,251599.8562343,127452.54975645
-12800.79990985,247778.178356,121457.4536739
-12595.29061035,244564.64677715,116365.8365456
-12392.5751772,241154.89301975,110966.66221685
-12251.6008775,238430.8512426,105862.9530583
-11962.97129335,235277.10619505,101348.56196945
-11603.048424,232576.00062505,97764.4289886
-11237.40530655,229477.8678737,94542.43851005
-11459.6446753,227145.76247795,90902.7374048
-11517.58703395,225475.69297765,87946.7605488
-11447.39804375,223743.58418425,84930.5333576
-11440.55141475,222267.91477575,82325.1039064
-11481.43241565,220866.65276435,80592.0675052
-11618.67419825,219662.606797,79181.05456895
-11508.39929955,218579.28235905,77654.2894308
-11309.93540215,217445.85605695,76312.62622055
-11232.0936476,216482.86664515,75136.6293462
-11079.1046183,215487.41096035,73617.96973335
-11027.7769867,214616.8841689,72243.0009859
-10761.40998975,213917.32432935,70808.057977
-10492.9669182,213065.1509208,69762.03662415
-10165.90786805,211969.3589923,68660.56861935
-9832.54329345,211050.57450935,67428.8269334
-9338.15042195,210536.76813175,66661.44129495
-8907.85083225,209564.6020285,66046.0949921
-8455.20031175,208697.12309125,65165.8614476
-8007.58537645,207703.3348919,63989.75414375
-7525.9471122,206815.3271106,62503.90313535
-6533.9809996,205343.5669064,60799.90969265
-5477.9436911,203989.69019345,58531.389603
-4553.06349975,202740.611076,56421.02664325
-3547.8348042,201201.56617745,54129.74703365
-2591.37177585,199537.01815215,51678.30047725
-1502.503777,197793.6345068,49289.73247815
-532.61252145,196215.71842425,46905.5043584
554.4886054,193906.06334585,43839.97039545
1629.00076925,191703.90034275,40960.1567656
2754.8184788,189797.0589515,38478.9605019
4063.22032365,188026.92928125,35457.84128385
5208.44049635,186421.4279096,32461.62391805
6385.3870644,184827.58789315,29075.8885769
7464.0624204,183612.26707385,25799.7986863
8488.63836435,182222.33512915,22791.8095358
9249.76265015,180894.3651769,19134.17467975
10132.9667482,179866.5978204,15605.3668784
11008.5622537,178980.6881996,12171.63887655
11967.67559005,178555.9542567,8907.7735316
12718.6514048,178200.40439555,6100.09245115
13088.8994324,177904.9723542,3083.0370387
13527.53644935,177091.20632575,830.66174195
13942.75136935,176589.0281745,-1109.73917435
14257.21041355,176073.653698,-2871.90687765
14528.18232065,175690.0437009,-4960.04037905
14784.90882225,175687.3271352,-6892.15908285
14962.2696422,175775.32840375,-8860.5097056
14996.84511865,176486.2403959,-10414.46258665
15032.05004325,177207.33398795,-12071.9983387
15033.61814215,178385.6277959,-13769.11202355
14911.6929312,179387.21231795,-14786.0241602
14861.90026965,180127.53168595,-15962.19772175
14688.81307135,180744.32461525,-16489.01269445
14522.94796235,180904.31487485,-16608.5747141
14563.69644785,181473.0157569,-17175.0780491
14575.368846,182228.9056844,-17286.95417555
14250.3969134,183084.12694715,-17404.29656225
13978.9612024,184303.20236945,-17108.03629965
13651.5377349,185213.682554,-16807.6349308
13383.82349805,185744.04231365,-16486.9476628
13054.19144055,186446.5395779,-15718.32521395
12683.87715525,187212.9865656,-15683.45157785
12240.3370685,187894.9549858,-15446.8342882
11798.5748967,188587.5467239,-15060.91631455
11286.36974685,190069.488528,-14403.52950105
10934.32050085,190965.071773,-13755.2089495
10524.2405526,191506.93828655,-12921.4662245
10144.77166175,191798.0856633,-11277.53538685
9637.14933615,191962.19494325,-9939.4500924
9091.23005995,192034.50417985,-8227.75971355
8671.39918685,192627.0136621,-7036.82172785
8249.62475455,192918.5917139,-5086.6698867
7985.49947645,192966.0763989,-3204.18924315
7706.3447434,193533.1981391,-1259.6693065
7086.6585612,194048.9039041,1008.71826775
6765.36393095,194278.2218038,5083.21344335
6587.4951353,194581.33973835,9905.07338905
6305.73426605,194372.484425,13488.66526535
5887.9463387,194206.93956155,16550.27898105
5788.7364759,194914.63805525,22668.4818702
5545.106913,195400.41742575,25893.98400685
4933.49312725,198490.76489735,34589.24700865
3885.25214145,207585.7495603,52018.9423559
2903.29094155,213327.91791605,66396.7307405
1706.85356675,217780.6010003,82862.9397432
705.7770204,222704.19964435,91556.73403265
59.4552427999995,225499.2034182,96785.96840385
-641.3966219,227795.4965271,100711.5493987
-1072.2483591,229168.47754355,103788.76680275
-1465.2006919,230226.292767,106240.3569175
-1984.3960291,231321.80862175,108424.2548813
-2177.45992395,232229.93665795,110000.84580985
-2762.11786875,233773.85149745,111140.89788195
-3217.694771,235613.9934707,111970.64305905
-3477.14888125,237025.437082,112554.2960954
-4074.52830445,238365.6757517,111249.60468175
-4300.97503715,239014.9791258,108885.17657135
-4711.5629611,239566.199018,107418.80532675
-4947.9483488,240438.0840923,106135.3605489
-5294.81845125,240360.0546076,101875.6088441
-5622.02105975,240686.84862695,100373.35905495
-5626.08486535,238820.2919173,93725.492112
-4907.8845262,230305.68053455,77668.1152042
-4299.78239855,225287.58736735,64271.1837245
-3212.95734545,220915.6061617,48998.4967578
-2635.3558457,216594.1022805,41041.123675
-2288.41948555,214097.401715,36869.0088214
-1819.44748495,212515.04636655,33106.5653269
-1619.4707034,211935.55652235,30476.36653885
-1467.8730858,211497.19557915,28239.2084272
-1138.03121225,210572.5583327,26063.16200085
-1071.30970835,209876.26720635,24210.1660338
-745.32182435,209248.3098546,22169.163843
-701.3598404,208403.02724685,20239.8058767
-545.81988965,207338.90649895,18500.68481005
-134.80129065,206340.99927925,16540.31824015
-137.8381019,205655.01122525,15378.42321295
41.5546208499999,205467.08230215,14044.45693885
210.13629555,204461.102686,13119.3558885
201.5117516,204426.9137128,11782.17611595
397.91061735,204155.64364605,10665.53509785
707.13530325,203522.79426745,9313.8890608
692.0616765,203378.2751808,7805.78650815
613.6788174,203064.37932705,7212.5261053
433.64560355,202678.7042983,5780.17818965
558.994129,202166.43289075,5104.50425095
521.2714118,202384.9397424,3865.33065965
382.56091685,202081.6340777,3036.82229295
499.74870225,201677.4841936,2442.4575951
520.13398795,201366.4705498,1238.9085605
433.62351765,200852.60895745,740.21998145
240.57066575,200813.9034177,-311.0136438
273.16945415,200445.49956275,-1016.5698052
368.44802675,199938.16435385,-1439.23871645
244.270054,199819.9937459,-2612.50798215
54.62947365,199497.7604649,-2538.774205
-68.0466579,199243.49654115,-3413.23228665
-141.9460793,198817.54787375,-4271.22532985
-173.1313701,199323.3922844,-4860.87468805
-228.6994945,198783.4362012,-5520.2161037
-376.4320796,198423.7673197,-5807.5536627
-690.1181173,198444.7489247,-6518.1233234
-690.39419105,198476.8397374,-6795.90873065
-634.2187044,198440.0004562,-7337.83045895
-507.0260063,198501.10109855,-7579.6158492
-602.5475238,198377.99429195,-8107.56824575
-755.26047935,198333.9439644,-8295.46404
-992.17592865,198579.41769995,-8730.5120982
-1268.05090555,198576.0496002,-9087.4202422
-1251.26562155,198641.026318,-9358.13816145
-1456.62031975,198928.90498155,-10117.2195015
-1490.41174675,199295.64135105,-10171.12014045
-1734.79223025,198987.8412057,-10534.34485185
-1835.65853555,199145.63391825,-11047.70951145
-1741.8045035,199466.63038885,-10819.93762475
-1909.80090185,199642.2022509,-11626.4153062
-2009.43039675,199947.30791645,-11782.4301038
-2048.6439122,200029.31286315,-11959.92343915
-2521.24904335,200100.3300746,-12489.1568179
-2690.4380803,200539.36463775,-12362.74816925
-2631.43559845,200982.78325205,-13581.66899025
-2617.21227885,200880.9120383,-13657.46779905
-2757.1154124,201051.2826709,-13622.92545145
-2757.28105665,201327.23494845,-14602.0044414
-2961.00139825,201809.0057281,-14772.45237465
-2867.82098615,201990.67329855,-15429.1434823
-2855.0001212,202096.2328576,-16059.30942405
-2714.56692605,202173.54455055,-16224.0371092
-2523.81100775,202448.88946585,-17046.3835098
-2624.3570675,202510.00115115,-17699.71756065
-2426.4232317,202802.0982216,-17297.1247325
-2177.448881,202494.36433395,-17718.2586737
-2097.718782,203032.37685795,-18180.4944748
-2083.79362205,203141.249302,-18286.1092486
-2027.5739636,202994.67622665,-18622.83088
-1868.6438272,203268.5524296,-19094.5415322
-1843.4217294,203366.0175063,-18897.19297275
-1709.90142095,203541.52311065,-18963.45067275
-1299.092638,203498.820023,-19335.4103576
-1124.2606536,203659.21887175,-19451.85826535
-1054.2041788,203722.18577265,-18794.75856855
-897.4384606,203858.80915005,-19318.28274215
-845.1169635,204116.86080565,-19262.38332925
-700.4543185,204151.6129693,-18441.36208265
-494.7462459,203883.0925971,-18453.13386735
-672.72547105,204232.52466395,-17968.9115528
-533.09841125,204328.3443411,-17215.1639576
-296.95596845,204323.6842162,-17167.29276935
-291.9093403,204548.2757333,-16767.9244826
-286.4982948,204840.72617815,-15442.1079056
-238.6823213,204752.78012435,-15690.3755075
-392.74251675,205024.8673694,-15259.46855555
-421.5094015,205284.78528355,-14235.47788795
-320.7756116,205469.48966525,-13691.0714959
-363.3351409,205583.0884919,-13371.19036325
-389.1977298,205790.33153455,-12135.94806215
-236.2528723,205942.5144285,-11781.42519535
-280.5130159,206406.04225475,-11072.0150444
-303.91302695,206698.3822701,-9996.1004259
-365.1682706,206835.85595465,-9057.39446115
-397.02718135,206917.3197968,-8591.0838115
-486.91679435,207348.07214745,-7584.13241575
-540.7070038,207479.8255839,-6490.74785035
-620.1058143,207633.75326395,-6164.80413815
-688.07517155,207910.15830245,-5464.8909242
-717.1070871,208063.45653435,-4342.23149835
-617.3450768,207999.69454105,-4134.922198
-670.2408073,208131.4700634,-3425.7881208
-789.1733788,208309.4161597,-2570.50060035
-703.64573105,207972.0540372,-2439.42078385
-700.31076015,208049.3767731,-1539.00072675
-724.4837777,208208.4394249,-909.3206748
-673.41013395,208045.4013111,-749.1978998
-747.3205983,208012.7141791,-394.95110675
-817.8187911,208084.0295502,195.901933
-743.88624085,207966.25648845,595.66776595
-751.9365514,207831.4772837,687.8874414
-849.9537756,207598.32748035,1053.66307425
-878.2237276,207489.02436125,1335.8656615
-822.6776891,207144.99229695,1105.7747553
-873.4531732,207061.4082084,1313.2717858
-921.2249749,206938.37870245,1459.91111885
-921.1145454,206654.232556,1002.1697984
-949.1636384,206425.2459448,956.8716175
-1001.1980188,206149.51452625,1083.94284315
-912.6335598,205927.6727037,872.3047064
-1064.39682165,205782.2370522,992.761205
-1159.71956605,205602.1265377,1014.30600045
-1110.1256776,205378.71661625,1088.5256674
-1186.79687945,205253.29079015,1160.97846235
-1220.3122327,204835.6353782,863.50347525
-1280.41900955,204396.88793175,683.74633515
-1307.82761145,204138.83627615,787.59423695
-1282.03128025,203749.70480405,652.53895845
-1315.71227775,203217.16958325,485.1830512
-1404.74054065,202725.9902102,179.0283054
-1527.69274595,202427.88577495,272.8712945
-1458.5749219,202059.9457239,225.86145635
-1426.67183935,201576.23138505,-21.7546115
-1470.258363,201278.44719535,-84.6552547
-1622.17622615,200913.52186965,-16.122707
-1601.79094045,200461.55601205,24.0073733
-1566.74061715,200154.7497322,138.1473045
-1635.6154963,199917.5692521,340.88482355
-1676.6510985,199555.7580383,175.1191011
-1783.1272224,199105.1615065,-3.05889715000002
-1730.75051055,198806.23989295,-49.7153609
-1732.0425357,198434.4348094,-242.5694397
-1838.30884355,198064.86040175,-634.93649615
-1907.68065545,197862.15601155,-772.79668395
-1993.17517435,197689.70930435,-730.34758415
-1983.43529245,197415.42451225,-947.93787095
-2124.91756785,197082.3360114,-1343.6619842
-2370.4354752,196892.12119765,-1581.9025875
-2443.70544845,196898.32733555,-1624.36273025
-2502.10056805,196788.461026,-1868.08063675
-2544.8478275,196504.5246956,-2303.83544375
-2659.8270229,196290.45710985,-2719.05036375
-2824.1461189,196162.6791354,-2875.68356655
-2876.54491665,195991.32568025,-3110.43459765
-2830.6393735,195774.83968845,-3568.73910855
-2885.51179205,195615.62243535,-3860.64844885
-3016.34866365,195446.09106695,-4404.71250945
-3044.19898355,195414.92786205,-4896.3556864
-3010.12043985,195449.18309295,-5078.55331845
-2981.817359,195259.53146965,-5507.0087355
-3056.4456151,195251.5915886,-6036.5402739
-3115.42601105,195323.27137705,-6356.90729635
-3075.31801665,195363.79900355,-6715.78108545
-3016.6247374,195283.14129675,-7376.85624425
-3026.06645965,195320.1020504,-7828.9435743
-2969.76950055,195411.1401302,-8231.4591018
-2815.56574675,195701.2384267,-8667.75501335
-2602.6245419,195837.34278545,-9250.237497
-2472.0968729,195894.56735235,-9794.9641346
-2305.5912728,196012.55023015,-10445.62579155
-2132.78014825,196363.5724818,-10881.3253838
-2011.6942015,196617.7811908,-11537.9612767
-1719.46461565,196888.6426684,-12227.86957795
-1534.6166756,197153.19862155,-12938.4061098
-1280.10980695,197509.79756295,-13560.9855449
-1082.1870141,197986.3339843,-14215.31346125
-754.04575485,198310.2457937,-14908.94323665
-568.7560968,198632.31343045,-15515.20119165
-420.2284193,199039.99705855,-16278.97578545
-208.34733765,199581.6427131,-16979.1540302
41.15707465,200089.4417259,-17571.3874387
320.69831095,200608.2395169,-18178.6171733
520.8738656,201030.7648698,-18759.37695675
795.9316642,201631.0596318,-19287.91462965
1057.5170638,202341.90536625,-20117.8033651
1310.30123225,203016.91672795,-20692.5226549
1582.50994975,203535.0850708,-21275.80023095
1876.82665315,204143.507444,-21902.06801135
2137.52861675,204829.57279865,-22521.1247454
2371.55081315,205423.06510345,-22983.2059452
2757.203756,206012.0629276,-23713.31058445
3099.314347,206772.3037774,-23999.61010615
3433.26419795,207464.2771103,-24452.01768175
3846.7895466,208282.6038771,-24798.28042195
4058.946702,209098.15886345,-25305.7371033
4313.1333251,209756.638929,-25711.97410495
4541.744476,210527.9669006,-25916.1472075
4811.3912291,211278.0261505,-26311.8602778
5171.11532535,211852.9221275,-26584.7094864
5435.79275095,212482.5690506,-26827.53291395
5641.4235229,212935.93736285,-27157.926935
5818.43096845,213448.0983409,-27304.72086935
6206.5133603,214119.4434432,-27462.3810665
6368.06067585,214804.47076055,-27577.8682376
6548.9773257,215303.9323461,-27655.5001761
6632.7491444,215875.5154381,-27835.99719385
6719.6129891,216515.3881329,-27902.96164265
6742.2289507,217146.92340045,-27928.78005975
6874.7664366,217721.81937745,-27993.3481884
6985.1296789,218399.8675504,-27999.32242435
6962.3149442,218937.42731345,-27829.37142385
6976.1848894,219374.4962315,-27840.94443545
6911.46215945,219740.2608214,-27866.47573585
6789.15044525,220057.0388851,-27829.57019695
6863.5467994,220355.71755375,-27610.1136516
6916.9284197,220649.59253915,-27547.1467507
6890.61306985,220992.85159695,-27510.23016885
6899.5247305,221328.5241481,-27226.36009615
6843.39341565,221731.84581095,-27244.20550335
6789.20566,222121.44108695,-27182.45332695
6713.63875315,222647.2732371,-26956.5476988
6690.42647225,223082.86239985,-26892.86300615
6550.9650567,223382.30303205,-26745.2298076
6532.7441892,223590.363253,-26670.32547775
6487.6006096,223843.2909798,-26528.5229568
6416.0422936,224081.8849575,-26342.8247096
6395.7895233,224206.8469797,-26151.472472
6478.29140275,224367.06914125,-25877.2981094
6476.87790515,224570.4471514,-25609.93724695
6467.95520155,224758.63006235,-25472.6402496
6422.83370785,224989.0191282,-25387.3224179
6319.64838305,225245.0167951,-25192.97754085
6234.13177825,225548.3887175,-24959.35289065
6163.23603925,225836.97412985,-24769.3589359
6060.91206455,226137.89451735,-24669.2435512
5913.9635289,226462.7449775,-24434.6692073
5780.15610375,226695.76226545,-24187.3071273
5636.24437935,226891.79671385,-24017.3561268
5489.68234695,227097.63730185,-23625.4639172
5394.1497865,227319.49016735,-23307.0956687
5318.2184623,227467.4546544,-22998.23540015
5212.5816026,227596.55778285,-22775.98498845
5007.34837685,227773.2339399,-22545.4192354
4829.97651395,227941.49536905,-22172.66445815
4760.5494873,228150.05252275,-21797.18207225
4606.64389315,228320.2575111,-21393.3303478
4414.56282085,228559.8674402,-21015.3301693
4149.04613105,228701.07364185,-20604.43304275
3873.646001,228769.67244725,-20241.064773
3680.95756645,228758.73992675,-19876.6915948
3489.07526725,228825.68228965,-19315.69869185
3388.2200049,228799.95221615,-18987.83350635
3243.81134775,228922.3191451,-18436.19398205
2969.57072745,228858.78905375,-17958.34344965
2786.08107025,228765.7522,-17442.339525
2540.39751865,228669.0601298,-16804.4766471
2314.8452649,228604.9226762,-16319.2052523
2029.26353495,228593.71408195,-15660.41598415
1801.57999185,228461.1213813,-15310.3434262
1549.6571735,228360.5421927,-14677.28423155
1301.3895716,228238.2525644,-14044.1587792
1108.2262902,228127.83410735,-13300.12898
934.23357,227916.64873155,-12841.6036101
689.66535635,227763.8474324,-12351.4070596
382.25171425,227512.76387825,-11888.34303725
234.3093131,227315.64722075,-11338.6581151
15.05154085,227034.71457275,-10824.48732015
-193.2737109,226823.68379825,-10308.3950519
-445.251744,226693.9843505,-9748.41810035
-785.49607645,226485.30572435,-9183.6926803
-1084.2630887,226282.71176365,-8417.7315824
-1327.19694575,226044.13987185,-7879.44298465
-1594.41424985,225746.48819755,-7156.5162629
-1812.24748155,225524.4034301,-6642.2019096
-2170.21574875,225319.2916768,-6023.8629673
-2353.13117255,225030.77252215,-5600.4320925
-2596.6613489,224712.51470315,-5089.695655
-2737.40374665,224367.6102458,-4714.66603005
-3030.28486655,224116.19540315,-4094.40561445
-3236.25796995,223841.09343275,-3704.2692339
-3355.2678421,223637.6933367,-3306.38070245
-3562.33419755,223473.60614265,-2996.60386905
-3745.76864,223270.8686236,-2223.7630133
-3964.40800705,222907.7101699,-2048.0475929
-4185.59829555,222818.6598211,-1255.92574645
-4366.63641785,222504.38850705,-1008.32072155
-4500.6867879,222247.6951343,-536.245652
-4716.12369945,221908.04712115,-368.97808835
-4936.3753372,221560.06168075,-173.595174
-4985.9581827,221364.27017725,215.9559302
-5124.55824815,221050.56205365,261.8062586
-5263.08101295,220808.9975224,498.7879656
-5547.7793069,220477.25626145,565.76345735
-5746.16590365,220264.10524055,474.5376474
-5804.78188225,220071.9468676,675.24326365
-5876.00890975,219848.349216,851.24580075
-5869.0408083,219728.03627575,913.63846825
-6028.4126627,219524.91225345,987.00782805
-6041.377086,219419.9269278,969.09616315
-5985.73166095,219276.8323817,960.37223265
-6029.9365898,219102.71818905,796.0641796
-6109.9096337,218839.76346365,882.14397485
-6174.25690335,218648.98545945,505.1266189
-6116.9992076,218587.3105837,575.48125335
-6051.094882,218369.1239776,314.64677435
-5951.63103135,218263.14478645,132.30558395
-6041.818804,218196.323896,162.58535285
-5963.9880924,218065.0011346,-50.355852
-5818.36471075,217960.5789994,-111.76569695
-5771.5094739,217798.94334025,-337.4946379
-5625.90817815,217649.66474215,-800.5917891
-5541.84924275,217519.7886072,-1011.01520135
-5333.33626085,217485.4229468,-1281.05950065
-5100.8048627,217296.95291915,-1447.068168
-4974.61707305,217114.4681704,-1808.33827725
-4823.1409279,217006.81045085,-2347.27840905
-4728.24885855,216883.979718,-2648.92763125
-4511.03403205,216744.51830245,-3121.52171945
-4371.4842729,216623.4102698,-3486.31452975
-4395.83397765,216496.5488602,-3798.16743775
-4157.54920255,216395.881328,-4342.91616125
-4035.21540245,216408.8236654,-4926.4366822
-3925.42639355,216483.7611241,-5380.7436452
-3624.0090733,216427.45312205,-6010.71081385
-3490.68753795,216391.8616942,-6604.73318025
-3430.0065277,216359.00891795,-7005.0069889
-3150.553635,216395.16353625,-7804.4723971
-2955.4467944,216457.68871915,-8218.66032275
-2778.70437965,216489.3930286,-8763.68512
-2654.16198955,216536.07157825,-9120.4607486
-2564.95703945,216570.8237419,-9324.0706607
-2479.7165084,216560.0899945,-9858.18502335
-2403.75205535,216500.6789235,-10269.11527875
-2259.0783674,216525.35991675,-10616.23936905
-2146.2415043,216483.2310625,-10887.54256465
-2089.11632395,216456.7942402,-11150.87275035
-2001.8880619,216324.9414172,-11520.3588144
-1908.1334164,216320.789268,-11735.6742535
-1837.97755505,216268.6444581,-11848.45590185
-1676.28668115,216124.58917535,-12372.53222295
-1810.6683397,216055.7363821,-12115.54069055
-1766.5627974,215866.7915076,-12162.76034475
-1709.1615433,215677.7803754,-12142.08794235
-1803.05974715,215482.5410194,-11974.4228325
-1850.0474994,215361.74218935,-11928.4620746
-1842.7149806,215186.4795299,-11985.0682363
-1870.59842935,214870.629074,-11897.0559248
-1921.8708462,214725.33698085,-11724.5871317
-2046.42427925,214628.18110675,-11476.937935
-2025.99482175,214322.236177,-11700.2042981
-2008.37027355,214139.4753545,-11815.19453645
-1950.847547,213940.1721929,-11767.62150785
-1772.4155609,213780.4248782,-11813.18471955
-1836.43154205,213668.30580685,-11677.9637968
-1833.53828915,213560.6260014,-11769.1564779
-1913.4782042,213488.3388507,-11630.90978685
-1943.01809545,213434.5155124,-11509.845926
-1961.06227575,213367.58419245,-11355.54278565
-1951.8414125,213251.8651194,-11327.8139382
-1974.5678036,213269.16942205,-10993.95243085
-1928.15428475,213162.16323655,-11151.1488241
-1868.54444065,213088.15338565,-11297.5562552
-1833.69289045,212996.3754282,-11335.1685429
-1828.28184495,213093.4429587,-11225.4457917
-1770.94684855,213056.61472045,-11277.06054
-1730.13210535,213096.25891095,-11284.5918319
-1644.70384415,213202.8344214,-11343.63848555
-1540.2044083,213220.18289585,-11502.5796649
-1417.1196876,213197.9534375,-11701.9049124
-1444.2632587,213368.2136406,-11637.2153113
-1438.22276505,213526.0615679,-11591.53062715
-1414.50250845,213706.09478175,-11578.5109891
-1440.80681535,213798.98807715,-11686.96380105
-1326.8546143,213908.8764726,-11868.3221689
-1284.3613427,214082.1845299,-11835.00558875
-1170.29871215,214191.4213913,-12038.06335335
-1084.53916245,214336.3048953,-12131.02290645
-966.26916795,214414.2018646,-12329.2990737
-873.66298925,214566.7050041,-12412.7616898
-781.7525164,214654.3639412,-12654.7568961
-779.8089572,214809.99223555,-12800.2367194
